id,participant_id,order_index,item_type,sentence_code,student_id,question_type,clip_a_id,clip_b_id,condition_a,condition_b,expected,rating,answered_at,created_at
001b1625-85da-4ab2-b5e3-4e18569a518c,4d4ee7dc-853f-4c58-be00-84e31665c623,8,comparison,alpha4,r12323023,q2_human,acbe9c10-ccff-493f-aa7c-4b60f2314531,b05a22e7-beb2-4e3c-a244-e69c3394bab4,c3b,c3a,,4,2026-06-07 06:16:48.266+00,2026-06-07 06:14:17.678242+00
00d82ba7-4bfa-436d-bc80-7da093d78ca8,4d4ee7dc-853f-4c58-be00-84e31665c623,6,attention,,,,,,,,2,2,2026-06-07 06:16:25.482+00,2026-06-07 06:14:17.678242+00
011c167f-290d-4ee4-8b42-25d037157c3e,72bc7c87-9ac0-4910-bfbc-92b6d6d7594c,11,comparison,gamma4,r14525071,q1_accent,904b15ee-a175-4f22-9e69-f69707e6eda0,a9879424-e129-4428-b98d-a4ded13c5f37,c2,c3b,,3,2026-06-07 08:46:14.102+00,2026-06-07 08:38:25.567465+00
013b161e-1f20-4e3a-82b5-0109865e6262,72bc7c87-9ac0-4910-bfbc-92b6d6d7594c,19,comparison,alpha6,b11901052,q1_accent,51243406-507a-43a6-8cdb-bf95aee2a646,2cd14cff-29ed-4a45-8680-8ac181d5506b,c3b,c2,,2,2026-06-07 08:48:23.242+00,2026-06-07 08:38:25.567465+00
015b0adc-0edb-4474-8fed-e00c8f9d2fba,72bc7c87-9ac0-4910-bfbc-92b6d6d7594c,8,comparison,gamma3,b09207084,q2_human,ff860f5f-f210-45ac-b148-2ac6cf8fe7e8,afd20ede-be32-40b7-80ac-019afcbee78e,c3b,c3a,,5,2026-06-07 08:44:32.476+00,2026-06-07 08:38:25.567465+00
025dbb8d-bdd7-417b-b224-f479eb7d6eb3,7855ef00-12ad-41df-bb4b-4797baa30224,12,comparison,gamma2,b11901052,q1_accent,fbc20be7-a381-4a0b-95fb-2b1a5deed526,f1b30c52-e6d6-4e1a-97ea-8bd2ec638e8a,c3b,c2,,5,2026-06-09 02:38:35.654+00,2026-06-09 02:31:48.515796+00
027703e6-29cb-4554-b4db-22ef80d10625,a8948ab3-ebf9-46f7-a9bf-8b696e42e107,2,comparison,beta1,b09207084,q2_human,ec1b82e8-7eac-419b-8e6c-610b054d3847,67f1e02c-4428-4f08-9e4c-1f0cf7d33e32,c3a,c3b,,5,2026-06-09 02:34:34.521+00,2026-06-09 02:34:00.684807+00
029c25f9-c45f-4b44-8978-d8ec3b57ffc9,e4cbc61d-dde6-4321-b22a-6a3b224e7686,11,comparison,beta2,r14525071,q1_accent,59ca9659-1e93-4381-b94a-924d0de93505,55e6915c-8a27-49a2-afab-8e17ba99a626,c2,c3b,,1,2026-06-07 16:52:57.247+00,2026-06-07 16:48:34.012844+00
02f75fea-5221-408e-9aa2-0987d29ceca1,4d4ee7dc-853f-4c58-be00-84e31665c623,15,attention,,,,,,,,5,5,2026-06-07 06:17:43.742+00,2026-06-07 06:14:17.678242+00
030d864e-30e6-45aa-be7a-c1c969638cc3,90e82832-73d2-4db9-9b5f-a68bd03596ed,14,comparison,beta1,r12323023,q3_natural,d09a2517-e49e-401c-8ab9-5ccc0483f51d,ee178b0c-86ca-42a6-9030-268f10900a37,c3a,c2,,4,2026-06-08 16:13:11.826+00,2026-06-08 16:09:36.733117+00
032fb35e-9773-428a-96d5-6ab64d1afc2e,82e872a1-89b5-4f7f-b350-af1307739b56,10,comparison,beta5,b11901052,q1_accent,002d9b56-f20f-4fa5-86c1-ec6824086569,b9c7267e-0407-4fb6-9f5c-7316a675a904,c2,c3b,,1,2026-06-09 08:30:25.079+00,2026-06-09 08:26:29.995065+00
041a7852-2391-435e-923c-ca7fd0286f1f,e4cbc61d-dde6-4321-b22a-6a3b224e7686,7,comparison,beta4,r14922a21,q2_human,4dced2fa-7fe1-4a6e-ada7-8b92c781320e,6442424f-7988-4faf-a757-e8712d8ea6d3,c3b,c3a,,5,2026-06-07 16:51:54.149+00,2026-06-07 16:48:34.012844+00
05020a18-f779-4a3d-86db-5c8a800fb866,1ebd96aa-da02-4509-a461-a6acc8ecc5ea,5,comparison,gamma2,r14922a21,q2_human,a9bf2624-1a8b-4f9b-91d6-073b67283239,b7c1f4cb-9330-4d8a-82f3-b83097b469de,c3b,c3a,,3,2026-06-08 14:20:23.633+00,2026-06-08 14:18:28.151627+00
053433b9-3b11-495f-a6d5-5c8d634422f7,a8948ab3-ebf9-46f7-a9bf-8b696e42e107,8,comparison,beta5,r14525071,q1_accent,7f57ccc5-3c45-47b0-b5cc-4c7ffb4821a2,a78a2d5f-33f2-4802-9217-cf10d54c7e8d,c2,c3b,,2,2026-06-09 02:36:00.892+00,2026-06-09 02:34:00.684807+00
056432fa-0d7a-442b-84ed-83361dddda16,7855ef00-12ad-41df-bb4b-4797baa30224,3,comparison,beta4,r14525071,q1_accent,d56f679d-19ff-486f-b9e2-96d6f96c03c8,6424bd79-ce29-45c7-a8c3-3b6fbb03e92c,c3b,c2,,5,2026-06-09 02:33:35.599+00,2026-06-09 02:31:48.515796+00
0759acea-e757-4031-bdd8-720210b59097,20ae7e60-9719-4c71-bee7-2587417b5b94,19,comparison,beta5,r14525071,q2_human,a25b9c8b-0fe3-42f6-a6e1-3e555f4337ed,a78a2d5f-33f2-4802-9217-cf10d54c7e8d,c3a,c3b,,1,2026-06-08 14:09:32.246+00,2026-06-08 14:04:04.322795+00
07632e0c-7a2b-4dc2-8eb2-bd7fb33c29a5,c7ab1571-d185-4de0-a20b-b4c6d2e5d4a8,16,comparison,beta5,r14922009,q2_human,787eec06-28bc-4985-9d63-39f3b7e2ea62,96d957b2-2b42-42b6-a9f1-dc9a87564014,c3b,c3a,,5,2026-06-08 14:00:14.661+00,2026-06-08 13:56:52.220537+00
0796863d-831b-4f42-b795-4a041e7b8503,a8948ab3-ebf9-46f7-a9bf-8b696e42e107,3,comparison,gamma2,b09207084,q1_accent,a8b79a1d-5faf-4518-953a-51bbe66c51dd,b73ec0d0-05db-4160-abf6-63be6dd282eb,c2,c3b,,1,2026-06-09 02:34:49.722+00,2026-06-09 02:34:00.684807+00
080cce22-a05c-41f1-b279-45985a5aea00,90e82832-73d2-4db9-9b5f-a68bd03596ed,9,attention,,,,,,,,2,2,2026-06-08 16:12:11.506+00,2026-06-08 16:09:36.733117+00
086b1a47-56bb-4130-b718-2174ece67648,addd2a14-7704-4197-b885-dca18ad1f7c1,3,comparison,gamma2,r14922a21,q3_natural,98b1aeb0-8e59-455f-a950-bd385ea1db09,b7c1f4cb-9330-4d8a-82f3-b83097b469de,c2,c3a,,3,2026-06-06 13:42:41.422+00,2026-06-06 13:41:26.539166+00
08d7ea33-0cb2-4193-8ee4-4975642ada22,20ae7e60-9719-4c71-bee7-2587417b5b94,11,comparison,beta3,b11901052,q3_natural,eb9c1292-fdbe-4a42-9d3f-3fbcef12b301,edff3ad9-1af1-420c-84e5-57524dd06f85,c3a,c2,,4,2026-06-08 14:08:03.11+00,2026-06-08 14:04:04.322795+00
093851f7-230e-40c2-a747-b7423be935b7,ebacec3a-3f30-4ac3-9ca3-5d5ddc365ca9,4,comparison,beta3,b09207084,q3_natural,8cde957d-6ebc-452a-a4f4-de45ad42618e,9cf83e3b-93b8-4942-9afc-2594bd40d876,c3a,c2,,3,2026-06-06 13:31:09.942+00,2026-06-06 13:29:40.587078+00
0a094a07-8e00-44c6-a28b-9fcf2cbcd016,1848f42a-c01c-422c-9c19-32e270df7e73,5,comparison,gamma6,r14525071,q3_natural,991dcc3a-a9a8-449a-962c-541787ec2fff,dfe1686f-6fd3-4e2d-b9c1-1b410f04667a,c3a,c2,,5,2026-06-06 17:12:10.609+00,2026-06-06 17:09:21.575198+00
0a4c650e-efd4-4ac9-994d-9d5a5c94b3cf,ebacec3a-3f30-4ac3-9ca3-5d5ddc365ca9,20,comparison,alpha6,r12323023,q1_accent,f155e168-05a1-4772-803d-fba94fa2f822,b5bb3d37-fbee-4c6b-b242-3890b00cdaca,c3b,c2,,1,2026-06-06 13:34:35.849+00,2026-06-06 13:29:40.587078+00
0ae50b42-2515-4f4e-a7a4-4dfc3c90eaae,72bc7c87-9ac0-4910-bfbc-92b6d6d7594c,3,comparison,beta3,r14922009,q1_accent,b4c5cd43-d612-4fc4-befa-09d08d5dd94d,680fd1ed-e0b1-4c92-925e-969e80fa8e7a,c2,c3b,,3,2026-06-07 08:40:11.39+00,2026-06-07 08:38:25.567465+00
0bb95d62-6dcd-43d7-825f-e8ce250c0210,e4cbc61d-dde6-4321-b22a-6a3b224e7686,3,comparison,gamma6,r14922a21,q2_human,9cce0f89-ede7-4785-a7a5-174e1e508611,674031c1-f81b-41af-8c16-82e82b1ff8a9,c3b,c3a,,2,2026-06-07 16:50:24.601+00,2026-06-07 16:48:34.012844+00
0be5e3b2-b652-47f9-90ee-2328e8b97e23,1848f42a-c01c-422c-9c19-32e270df7e73,4,comparison,gamma1,b11901052,q2_human,57a5b69c-de86-4c3b-9ec5-19573135cde4,b53cc3e2-1549-4ee4-b101-ef9bd74a8bf7,c3b,c3a,,1,2026-06-06 17:11:52.182+00,2026-06-06 17:09:21.575198+00
0c6f3a58-e4ee-4028-9cb0-104d61ae3f14,20ae7e60-9719-4c71-bee7-2587417b5b94,6,comparison,beta3,b11901052,q2_human,df4eb257-7d04-4129-8295-47cb3060d9fc,eb9c1292-fdbe-4a42-9d3f-3fbcef12b301,c3b,c3a,,2,2026-06-08 14:06:37.423+00,2026-06-08 14:04:04.322795+00
0d33d92e-8482-4812-898b-9ce1f14dc5bf,0ded387d-8c72-4d2c-a014-5fa8879e99dd,19,comparison,alpha6,b09207084,q2_human,8feb7ae1-4b3a-470b-8419-9bfb162a1c72,f8b3c206-e2dd-4fb1-876a-7496afb9c6d5,c3b,c3a,,1,2026-06-09 09:22:02.397+00,2026-06-09 08:26:30.619914+00
0e7c54c2-994f-442b-a53c-a1fa319b444e,1ebd96aa-da02-4509-a461-a6acc8ecc5ea,15,comparison,beta3,r14525071,q2_human,64c35d9f-9737-4af9-a7ce-fbdd3bcd5bc9,7e911251-b77f-42c7-9790-b6d3d159cd1a,c3b,c3a,,2,2026-06-08 14:22:37.699+00,2026-06-08 14:18:28.151627+00
0f49a98c-bee9-4cec-b3db-7d6ea3e990f9,addd2a14-7704-4197-b885-dca18ad1f7c1,19,comparison,gamma3,r14922a21,q1_accent,2774e4c1-3514-4e12-a1e4-0875ddd33b56,ea123c5b-7f0b-41b8-95c1-c65cd12b1447,c3b,c2,,4,2026-06-06 13:47:44.922+00,2026-06-06 13:41:26.539166+00
10dbdae4-d2e2-4161-811a-d4c23bff9de7,1848f42a-c01c-422c-9c19-32e270df7e73,18,comparison,beta2,r14922009,q2_human,665b8049-66cf-4a61-bde5-965cc11d4c47,aa0052fb-6096-4c6c-9a8b-d2eba7b0f53d,c3b,c3a,,2,2026-06-06 17:16:55.272+00,2026-06-06 17:09:21.575198+00
119604af-f141-4693-b418-924e632c8c38,90e82832-73d2-4db9-9b5f-a68bd03596ed,16,comparison,alpha2,r14922009,q3_natural,d15329dc-449e-4ae7-8637-16ff50d4d1c6,ed2febe0-4c43-40f9-99e2-21683c664f01,c2,c3a,,3,2026-06-08 16:13:30.831+00,2026-06-08 16:09:36.733117+00
129333e2-f2e4-4f7c-81d4-d14c55d4332a,e4cbc61d-dde6-4321-b22a-6a3b224e7686,20,comparison,alpha3,r14525071,q3_natural,fc646123-33e0-4067-8f7b-7fe37a4f2faa,4a59ee3d-6c02-4e1a-b6cc-d4076ae0cfbb,c3a,c2,,5,2026-06-07 16:55:32.102+00,2026-06-07 16:48:34.012844+00
132c60fb-2bec-4e25-8097-a6777051f971,20ae7e60-9719-4c71-bee7-2587417b5b94,3,comparison,gamma2,b11901052,q2_human,fbc20be7-a381-4a0b-95fb-2b1a5deed526,90b374e2-0729-433a-95db-0366193f265b,c3b,c3a,,2,2026-06-08 14:05:47.322+00,2026-06-08 14:04:04.322795+00
1389f180-a581-4f96-a161-47c92bafc0f3,7855ef00-12ad-41df-bb4b-4797baa30224,6,comparison,alpha3,b09207084,q2_human,74f5fe32-77a2-4ad4-8256-a3555edb8f63,3cc16432-f312-4a0d-91bb-0069988e7969,c3a,c3b,,4,2026-06-09 02:35:16.471+00,2026-06-09 02:31:48.515796+00
13c3ea9f-1a81-4463-9bde-40a72ccbcc04,20ae7e60-9719-4c71-bee7-2587417b5b94,10,comparison,alpha4,r14922a21,q1_accent,996d5c6f-cecd-4551-ab8c-9d40aa4ae046,5445a377-412e-43b2-b1a2-dc230f6a04fc,c3b,c2,,2,2026-06-08 14:07:55.29+00,2026-06-08 14:04:04.322795+00
150c1339-47ea-443d-8709-aff0a1435b72,4d4ee7dc-853f-4c58-be00-84e31665c623,20,comparison,alpha2,r12323023,q1_accent,67fd783e-aa5e-40cc-8f13-6628b9cfdb56,8a6babc2-eb63-43d5-9eda-f24bd9ab850b,c2,c3b,,1,2026-06-07 06:19:04.119+00,2026-06-07 06:14:17.678242+00
156e4ca0-0358-4758-bc93-471a51a9ce03,20ae7e60-9719-4c71-bee7-2587417b5b94,14,comparison,alpha3,r14525071,q2_human,fc646123-33e0-4067-8f7b-7fe37a4f2faa,91b511db-5de5-4ff7-b354-05667409956c,c3a,c3b,,4,2026-06-08 14:08:42.18+00,2026-06-08 14:04:04.322795+00
160eecb1-ab6a-4c5b-8c46-05950e761148,c7ab1571-d185-4de0-a20b-b4c6d2e5d4a8,4,comparison,gamma1,b09207084,q3_natural,eba040e8-cf64-4af1-ad9d-393029df241d,ae2b456f-ea03-4abe-af5f-dcf067aa8b3e,c3a,c2,,5,2026-06-08 13:58:09.635+00,2026-06-08 13:56:52.220537+00
178cb1c0-e52d-4f3b-9dc0-899144c3d699,acb43bfa-08f9-437a-8f4e-41ed59a6cfa5,20,comparison,gamma1,r12323023,q1_accent,75ec4e5d-7fef-43c0-a6dd-2ebc86c31ad7,239c6ef5-3a2f-4795-ba3f-bfc33c001ead,c3b,c2,,5,2026-06-06 14:42:58.401+00,2026-06-06 14:32:43.887168+00
17912f3c-e17f-473e-84cf-e4b8b2976973,4d4ee7dc-853f-4c58-be00-84e31665c623,5,comparison,alpha2,r12323023,q3_natural,67fd783e-aa5e-40cc-8f13-6628b9cfdb56,5d0077b8-5fbd-4aaa-85a4-d9fe61556d4c,c2,c3a,,1,2026-06-07 06:16:19.952+00,2026-06-07 06:14:17.678242+00
1807d726-018e-440e-935f-cacf6abbce5d,1848f42a-c01c-422c-9c19-32e270df7e73,15,comparison,beta2,r14922009,q1_accent,bccf325f-c9c0-4ce9-b468-c348b61da6cf,665b8049-66cf-4a61-bde5-965cc11d4c47,c2,c3b,,2,2026-06-06 17:15:34.661+00,2026-06-06 17:09:21.575198+00
18f87b52-9a28-45c5-b122-a9d156ed6f28,1848f42a-c01c-422c-9c19-32e270df7e73,9,comparison,alpha1,r14922a21,q3_natural,60cde02b-0807-4275-b157-4ae66da5291a,d47e1c05-89da-4f26-acd1-52ce81bfdb4e,c2,c3a,,1,2026-06-06 17:12:56.272+00,2026-06-06 17:09:21.575198+00
1a0a29c4-1e98-4014-ad2d-ac70fd8717f6,1ebd96aa-da02-4509-a461-a6acc8ecc5ea,9,comparison,beta2,r14922009,q3_natural,bccf325f-c9c0-4ce9-b468-c348b61da6cf,aa0052fb-6096-4c6c-9a8b-d2eba7b0f53d,c2,c3a,,3,2026-06-08 14:21:16.967+00,2026-06-08 14:18:28.151627+00
1ad267b5-a515-461f-9dae-5b1c294764ea,82e872a1-89b5-4f7f-b350-af1307739b56,18,comparison,gamma6,r12323023,q1_accent,ec39dd87-c1ff-4159-b615-4a2f77fe42d2,9700465c-4ccd-4e18-9543-ecce858e7d88,c3b,c2,,4,2026-06-09 08:33:00.075+00,2026-06-09 08:26:29.995065+00
1bc28957-b314-4c6c-9ea7-d2eefffd8b82,c7ab1571-d185-4de0-a20b-b4c6d2e5d4a8,8,comparison,alpha2,r12323023,q2_human,8a6babc2-eb63-43d5-9eda-f24bd9ab850b,5d0077b8-5fbd-4aaa-85a4-d9fe61556d4c,c3b,c3a,,5,2026-06-08 13:58:59.266+00,2026-06-08 13:56:52.220537+00
1f6c6695-d01e-49d3-917c-a04b3ba7646c,a8948ab3-ebf9-46f7-a9bf-8b696e42e107,10,comparison,beta5,r14525071,q3_natural,a25b9c8b-0fe3-42f6-a6e1-3e555f4337ed,7f57ccc5-3c45-47b0-b5cc-4c7ffb4821a2,c3a,c2,,5,2026-06-09 02:36:17.951+00,2026-06-09 02:34:00.684807+00
1f98be23-2b56-4e3d-9eb2-6acb51d6285c,7855ef00-12ad-41df-bb4b-4797baa30224,11,comparison,alpha3,b09207084,q1_accent,3cc16432-f312-4a0d-91bb-0069988e7969,d8339bc0-e59f-45f8-b096-d7debde979ad,c3b,c2,,5,2026-06-09 02:38:20.877+00,2026-06-09 02:31:48.515796+00
206282a3-16a3-4c7d-8021-803d23356e9e,4d4ee7dc-853f-4c58-be00-84e31665c623,1,comparison,beta3,r14922a21,q2_human,7281e0e3-c6d2-4f87-8b86-855b6b6eef0a,53de1ce3-8104-4979-8b05-f176efe8004d,c3b,c3a,,3,2026-06-07 06:15:07.09+00,2026-06-07 06:14:17.678242+00
20a2606e-fdeb-4b3f-a229-a0263d63769a,72bc7c87-9ac0-4910-bfbc-92b6d6d7594c,14,comparison,gamma4,r14525071,q2_human,a9879424-e129-4428-b98d-a4ded13c5f37,9dcfc685-28df-44f9-a84e-60f696870682,c3b,c3a,,2,2026-06-07 08:46:44.344+00,2026-06-07 08:38:25.567465+00
21042910-c63f-43d6-bc8e-18bf77d42534,acb43bfa-08f9-437a-8f4e-41ed59a6cfa5,16,comparison,beta2,b09207084,q3_natural,0912f6c7-6ec3-488d-ad29-ecda34a7c88d,6321b58b-70a9-4923-a4ec-dc3a104677b1,c3a,c2,,5,2026-06-06 14:39:40.739+00,2026-06-06 14:32:43.887168+00
210ba9fd-e8b1-438a-bed4-b453a638a906,ebacec3a-3f30-4ac3-9ca3-5d5ddc365ca9,17,comparison,alpha3,r14525071,q3_natural,4a59ee3d-6c02-4e1a-b6cc-d4076ae0cfbb,fc646123-33e0-4067-8f7b-7fe37a4f2faa,c2,c3a,,4,2026-06-06 13:33:54.618+00,2026-06-06 13:29:40.587078+00
211f6c06-341b-4e66-810a-d9d041f8e71a,72bc7c87-9ac0-4910-bfbc-92b6d6d7594c,20,comparison,beta5,r14525071,q1_accent,a78a2d5f-33f2-4802-9217-cf10d54c7e8d,7f57ccc5-3c45-47b0-b5cc-4c7ffb4821a2,c3b,c2,,2,2026-06-07 08:48:43.417+00,2026-06-07 08:38:25.567465+00
21404e7d-681a-4628-b4a6-9ee66d7241b2,e4cbc61d-dde6-4321-b22a-6a3b224e7686,15,comparison,beta2,r14525071,q2_human,55e6915c-8a27-49a2-afab-8e17ba99a626,8e491936-9b30-450c-a218-18d3230c6fa2,c3b,c3a,,1,2026-06-07 16:53:58.527+00,2026-06-07 16:48:34.012844+00
2295eb11-d315-4a5a-a8c4-28b2bbde3a4d,44b7561a-6152-4679-b691-2a3fd58d3b84,3,comparison,beta5,b11901052,q1_accent,b9c7267e-0407-4fb6-9f5c-7316a675a904,002d9b56-f20f-4fa5-86c1-ec6824086569,c3b,c2,,4,2026-06-06 12:40:52.032+00,2026-06-06 12:39:32.125999+00
2297140f-57b5-4bc9-9b95-a5eb58b7ea59,64bc3b29-edda-4320-bf74-8f9569f619de,6,comparison,alpha2,r14922a21,q2_human,618a6c5a-9e73-48d3-b475-8d50278bd5f4,4a6e2747-ff6e-45d3-8fbc-cfd640ee4f41,c3a,c3b,,1,2026-06-06 16:19:57.221+00,2026-06-06 16:09:35.498473+00
22e5ed9a-a4dc-4e91-8889-f5f725c5b0ed,addd2a14-7704-4197-b885-dca18ad1f7c1,10,comparison,gamma3,r14922a21,q3_natural,82309559-b270-41b3-8804-07931878d916,ea123c5b-7f0b-41b8-95c1-c65cd12b1447,c3a,c2,,4,2026-06-06 13:45:04.236+00,2026-06-06 13:41:26.539166+00
25073681-14ac-421c-a2c5-1ac4543880e3,72bc7c87-9ac0-4910-bfbc-92b6d6d7594c,12,attention,,,,,,,,5,5,2026-06-07 08:46:18.769+00,2026-06-07 08:38:25.567465+00
25cd0545-bf84-4a79-815b-41cfc7515a71,0ded387d-8c72-4d2c-a014-5fa8879e99dd,3,comparison,gamma2,r12323023,q2_human,fc07702c-dbfd-4c47-ab12-25ec827eb8c3,c8afd65d-8342-4481-9557-fa4424cc361c,c3b,c3a,,4,2026-06-09 08:28:00.086+00,2026-06-09 08:26:30.619914+00
26713986-1ace-48cf-a4ab-2cd53f6a0120,90e82832-73d2-4db9-9b5f-a68bd03596ed,15,attention,,,,,,,,5,5,2026-06-08 16:13:15.472+00,2026-06-08 16:09:36.733117+00
280ddcf4-def4-4434-b41b-05d45bf68a53,44b7561a-6152-4679-b691-2a3fd58d3b84,12,attention,,,,,,,,5,5,2026-06-06 12:42:59.99+00,2026-06-06 12:39:32.125999+00
29854c01-1ddf-4ded-becf-a6f89399ea9a,acb43bfa-08f9-437a-8f4e-41ed59a6cfa5,2,comparison,gamma1,r12323023,q2_human,75ec4e5d-7fef-43c0-a6dd-2ebc86c31ad7,ad3ad239-cc1e-4d42-924a-60f47206d1aa,c3b,c3a,,1,2026-06-06 14:33:56.944+00,2026-06-06 14:32:43.887168+00
29b22cb5-aace-4545-a874-3d4e2311a1fe,82e872a1-89b5-4f7f-b350-af1307739b56,3,comparison,beta5,b11901052,q2_human,b9c7267e-0407-4fb6-9f5c-7316a675a904,9b07476a-ee9b-4898-aac1-f94e66ea9ba8,c3b,c3a,,4,2026-06-09 08:27:23.785+00,2026-06-09 08:26:29.995065+00
29b703d8-16b6-43bf-9841-e955ed8def0e,82e872a1-89b5-4f7f-b350-af1307739b56,13,comparison,beta4,r14525071,q2_human,d56f679d-19ff-486f-b9e2-96d6f96c03c8,ed9e26de-2a4c-4729-96c2-33923f2b089b,c3b,c3a,,5,2026-06-09 08:31:37.865+00,2026-06-09 08:26:29.995065+00
2a346021-46bb-42b2-88ba-3c4e613338f4,44b7561a-6152-4679-b691-2a3fd58d3b84,13,comparison,gamma1,b09207084,q2_human,eba040e8-cf64-4af1-ad9d-393029df241d,9b862808-6afd-4359-9c7b-ac1078001400,c3a,c3b,,1,2026-06-06 12:43:12.283+00,2026-06-06 12:39:32.125999+00
2ae09b89-60d2-4e7e-9fc6-bea736d6ce15,7855ef00-12ad-41df-bb4b-4797baa30224,13,attention,,,,,,,,5,5,2026-06-09 02:38:40.107+00,2026-06-09 02:31:48.515796+00
2b03da57-103f-4b57-ae57-45fa541227ca,90e82832-73d2-4db9-9b5f-a68bd03596ed,3,comparison,alpha6,r14922a21,q2_human,56e264aa-b0d9-4c3a-a93b-9fb4c83df4bb,b4eeec4e-3551-4c03-9d09-0f48f3d95748,c3a,c3b,,5,2026-06-08 16:10:46.748+00,2026-06-08 16:09:36.733117+00
2c972483-60b6-418a-bcbc-fe0d64d8057b,44b7561a-6152-4679-b691-2a3fd58d3b84,14,comparison,alpha6,r12323023,q2_human,96300335-e8c6-4642-94b7-191955751281,f155e168-05a1-4772-803d-fba94fa2f822,c3a,c3b,,4,2026-06-06 12:43:24.182+00,2026-06-06 12:39:32.125999+00
2ccecfbf-d6dd-48bd-9f92-e850a801b58d,1ebd96aa-da02-4509-a461-a6acc8ecc5ea,18,comparison,alpha4,r12323023,q1_accent,811ab44c-90b3-4520-8579-d53712effc13,acbe9c10-ccff-493f-aa7c-4b60f2314531,c2,c3b,,2,2026-06-08 14:23:59.41+00,2026-06-08 14:18:28.151627+00
2cf555b0-2aad-4b90-b4dc-37c8e1732d91,1ebd96aa-da02-4509-a461-a6acc8ecc5ea,8,comparison,gamma6,r14922009,q2_human,cc98318a-77ef-45bb-804d-c82855e3574b,337d2019-c058-4f15-90ea-263ef931bf8d,c3a,c3b,,2,2026-06-08 14:21:00.246+00,2026-06-08 14:18:28.151627+00
2d7da325-d151-453a-995c-acabcf66112a,64bc3b29-edda-4320-bf74-8f9569f619de,1,comparison,beta3,r14922a21,q2_human,7281e0e3-c6d2-4f87-8b86-855b6b6eef0a,53de1ce3-8104-4979-8b05-f176efe8004d,c3b,c3a,,3,2026-06-06 16:12:50.611+00,2026-06-06 16:09:35.498473+00
2dc4f589-b431-49b5-8bc1-421dd871f3ab,a8948ab3-ebf9-46f7-a9bf-8b696e42e107,9,attention,,,,,,,,2,2,2026-06-09 02:36:04.494+00,2026-06-09 02:34:00.684807+00
2f358ec3-642f-47d3-8faf-ff91b49beacd,7855ef00-12ad-41df-bb4b-4797baa30224,16,comparison,beta4,r14525071,q3_natural,6424bd79-ce29-45c7-a8c3-3b6fbb03e92c,ed9e26de-2a4c-4729-96c2-33923f2b089b,c2,c3a,,1,2026-06-09 02:39:31.896+00,2026-06-09 02:31:48.515796+00
2fcdd237-8bd8-4c1b-b093-a947922d84ec,44b7561a-6152-4679-b691-2a3fd58d3b84,10,comparison,alpha6,r12323023,q1_accent,f155e168-05a1-4772-803d-fba94fa2f822,b5bb3d37-fbee-4c6b-b242-3890b00cdaca,c3b,c2,,3,2026-06-06 12:42:41.492+00,2026-06-06 12:39:32.125999+00
302374a4-237b-49d0-92da-466a5d757faa,e4cbc61d-dde6-4321-b22a-6a3b224e7686,9,comparison,alpha6,b09207084,q1_accent,5bbc3eb9-af36-43e9-8129-72a1e13ca456,8feb7ae1-4b3a-470b-8419-9bfb162a1c72,c2,c3b,,5,2026-06-07 16:52:27.038+00,2026-06-07 16:48:34.012844+00
32ff5f04-d720-461d-828d-5fb04113f7d5,addd2a14-7704-4197-b885-dca18ad1f7c1,13,attention,,,,,,,,5,5,2026-06-06 13:45:52.763+00,2026-06-06 13:41:26.539166+00
333e0d6f-00aa-4ad4-ad0f-a6f03499705a,c7ab1571-d185-4de0-a20b-b4c6d2e5d4a8,9,comparison,alpha2,r12323023,q1_accent,8a6babc2-eb63-43d5-9eda-f24bd9ab850b,67fd783e-aa5e-40cc-8f13-6628b9cfdb56,c3b,c2,,5,2026-06-08 13:59:14.927+00,2026-06-08 13:56:52.220537+00
34690ff9-e213-413b-a345-20842db663ed,20ae7e60-9719-4c71-bee7-2587417b5b94,8,attention,,,,,,,,2,2,2026-06-08 14:07:11.66+00,2026-06-08 14:04:04.322795+00
34d92182-a8a9-41fc-9c9d-2596f6fb1796,72bc7c87-9ac0-4910-bfbc-92b6d6d7594c,10,comparison,alpha1,r14922a21,q3_natural,60cde02b-0807-4275-b157-4ae66da5291a,d47e1c05-89da-4f26-acd1-52ce81bfdb4e,c2,c3a,,4,2026-06-07 08:45:21.392+00,2026-06-07 08:38:25.567465+00
34e4c4a5-c615-4f20-9c87-9759a5929058,44b7561a-6152-4679-b691-2a3fd58d3b84,16,comparison,beta5,b11901052,q3_natural,002d9b56-f20f-4fa5-86c1-ec6824086569,9b07476a-ee9b-4898-aac1-f94e66ea9ba8,c2,c3a,,1,2026-06-06 12:43:43.678+00,2026-06-06 12:39:32.125999+00
3509e5e0-2054-46d7-bb49-98cf72a2cb3d,44b7561a-6152-4679-b691-2a3fd58d3b84,11,comparison,beta5,b11901052,q2_human,b9c7267e-0407-4fb6-9f5c-7316a675a904,9b07476a-ee9b-4898-aac1-f94e66ea9ba8,c3b,c3a,,2,2026-06-06 12:42:56.671+00,2026-06-06 12:39:32.125999+00
38ac865d-c4df-462d-a4e0-0798b4aef6e9,20ae7e60-9719-4c71-bee7-2587417b5b94,5,comparison,gamma6,r12323023,q1_accent,ec39dd87-c1ff-4159-b615-4a2f77fe42d2,9700465c-4ccd-4e18-9543-ecce858e7d88,c3b,c2,,4,2026-06-08 14:06:22.937+00,2026-06-08 14:04:04.322795+00
39bc61c0-4ea5-4744-9412-50b7443de1b8,64bc3b29-edda-4320-bf74-8f9569f619de,17,comparison,alpha2,r14922a21,q1_accent,4a6e2747-ff6e-45d3-8fbc-cfd640ee4f41,cd6fd0d6-82d4-48ca-a203-551fd8d258ab,c3b,c2,,5,2026-06-06 16:27:28.591+00,2026-06-06 16:09:35.498473+00
3aaef957-728e-4f59-9aee-c1bd1b4e8e4a,1ebd96aa-da02-4509-a461-a6acc8ecc5ea,3,comparison,gamma2,r14922a21,q1_accent,98b1aeb0-8e59-455f-a950-bd385ea1db09,a9bf2624-1a8b-4f9b-91d6-073b67283239,c2,c3b,,1,2026-06-08 14:19:40.686+00,2026-06-08 14:18:28.151627+00
3abe9d71-5302-4a52-9dbc-5f908ef1b709,82e872a1-89b5-4f7f-b350-af1307739b56,4,comparison,alpha4,r14922009,q2_human,e52aba0b-f8f2-4d7a-a2bd-c38fd7aae422,51d00112-67a1-4ce1-8ed7-b7ac3e5940aa,c3a,c3b,,4,2026-06-09 08:27:45.788+00,2026-06-09 08:26:29.995065+00
3bd5aa8c-1dd0-47b8-8c14-cd3f94a6f541,4d4ee7dc-853f-4c58-be00-84e31665c623,10,comparison,alpha4,r12323023,q3_natural,b05a22e7-beb2-4e3c-a244-e69c3394bab4,811ab44c-90b3-4520-8579-d53712effc13,c3a,c2,,4,2026-06-07 06:17:06.72+00,2026-06-07 06:14:17.678242+00
3cb1b0d6-f544-4c7b-a466-6870a2057fb0,1848f42a-c01c-422c-9c19-32e270df7e73,3,comparison,beta3,b09207084,q1_accent,9cf83e3b-93b8-4942-9afc-2594bd40d876,f9ea7a46-fa3d-47a7-80fe-f88bbc6f50eb,c2,c3b,,1,2026-06-06 17:11:37.793+00,2026-06-06 17:09:21.575198+00
3cd98198-17d4-44d3-9508-0dbe4e9c6201,1848f42a-c01c-422c-9c19-32e270df7e73,19,comparison,alpha1,r14922a21,q2_human,d47e1c05-89da-4f26-acd1-52ce81bfdb4e,cd92a115-7900-4c1a-a584-4e489ff9bd5d,c3a,c3b,,2,2026-06-06 17:17:43.38+00,2026-06-06 17:09:21.575198+00
3de0e325-c22a-49dd-9d25-79f569fe8f96,ebacec3a-3f30-4ac3-9ca3-5d5ddc365ca9,19,comparison,alpha6,r12323023,q3_natural,96300335-e8c6-4642-94b7-191955751281,b5bb3d37-fbee-4c6b-b242-3890b00cdaca,c3a,c2,,4,2026-06-06 13:34:20.834+00,2026-06-06 13:29:40.587078+00
3e395562-208f-4e1c-b5cd-b85cbca90e73,44b7561a-6152-4679-b691-2a3fd58d3b84,15,comparison,beta4,r14525071,q3_natural,6424bd79-ce29-45c7-a8c3-3b6fbb03e92c,ed9e26de-2a4c-4729-96c2-33923f2b089b,c2,c3a,,1,2026-06-06 12:43:33.211+00,2026-06-06 12:39:32.125999+00
3e57f07b-88a9-4da3-a5ed-717312c22e14,0ded387d-8c72-4d2c-a014-5fa8879e99dd,15,attention,,,,,,,,5,5,2026-06-09 08:32:31.543+00,2026-06-09 08:26:30.619914+00
3f541fd9-6a99-4e0f-817b-5c2870bdca2a,a8948ab3-ebf9-46f7-a9bf-8b696e42e107,17,comparison,beta1,b09207084,q1_accent,67f1e02c-4428-4f08-9e4c-1f0cf7d33e32,612a991d-a57d-448b-b736-adf7cc3896ce,c3b,c2,,5,2026-06-09 02:38:07.444+00,2026-06-09 02:34:00.684807+00
3f8e8e77-d305-4eeb-9076-3eb8c4d9c0d1,90e82832-73d2-4db9-9b5f-a68bd03596ed,1,comparison,alpha6,r14922a21,q1_accent,53a253a5-1bcd-42d5-bbb2-92e1a02e389e,b4eeec4e-3551-4c03-9d09-0f48f3d95748,c2,c3b,,2,2026-06-08 16:10:16.17+00,2026-06-08 16:09:36.733117+00
43231c5a-858c-4b10-b551-36c3ca35f267,7855ef00-12ad-41df-bb4b-4797baa30224,7,comparison,beta4,r14525071,q2_human,d56f679d-19ff-486f-b9e2-96d6f96c03c8,ed9e26de-2a4c-4729-96c2-33923f2b089b,c3b,c3a,,4,2026-06-09 02:36:12.501+00,2026-06-09 02:31:48.515796+00
443cc6ad-df78-409d-afed-59f9dbbfd522,1ebd96aa-da02-4509-a461-a6acc8ecc5ea,17,comparison,alpha4,r12323023,q3_natural,811ab44c-90b3-4520-8579-d53712effc13,b05a22e7-beb2-4e3c-a244-e69c3394bab4,c2,c3a,,2,2026-06-08 14:23:28.041+00,2026-06-08 14:18:28.151627+00
446ff6ec-478e-4e80-8f6b-578758ce4bf4,addd2a14-7704-4197-b885-dca18ad1f7c1,1,comparison,alpha4,r14922009,q2_human,e52aba0b-f8f2-4d7a-a2bd-c38fd7aae422,51d00112-67a1-4ce1-8ed7-b7ac3e5940aa,c3a,c3b,,5,2026-06-06 13:42:04.688+00,2026-06-06 13:41:26.539166+00
453fdd3c-54ff-4643-9116-88a4b70df2f7,1ebd96aa-da02-4509-a461-a6acc8ecc5ea,1,comparison,alpha2,r14922a21,q3_natural,cd6fd0d6-82d4-48ca-a203-551fd8d258ab,618a6c5a-9e73-48d3-b475-8d50278bd5f4,c2,c3a,,1,2026-06-08 14:19:06.006+00,2026-06-08 14:18:28.151627+00
46fa1d21-65eb-4498-a8d1-c37c6e855337,82e872a1-89b5-4f7f-b350-af1307739b56,1,comparison,alpha4,r14922009,q3_natural,98d76109-5598-44e3-be74-d8bf33fb0b44,e52aba0b-f8f2-4d7a-a2bd-c38fd7aae422,c2,c3a,,4,2026-06-09 08:26:45.033+00,2026-06-09 08:26:29.995065+00
47d04256-820d-4473-86e4-a06cf0ea1336,acb43bfa-08f9-437a-8f4e-41ed59a6cfa5,12,comparison,alpha5,b11901052,q2_human,92003890-d1bb-4518-ab9a-24e07e19696c,06788064-6d1c-459a-9d3a-d64762594f9c,c3a,c3b,,5,2026-06-06 14:38:13.335+00,2026-06-06 14:32:43.887168+00
490bc930-788f-4277-9b65-a2eef51b76ac,acb43bfa-08f9-437a-8f4e-41ed59a6cfa5,11,comparison,gamma2,b09207084,q1_accent,a8b79a1d-5faf-4518-953a-51bbe66c51dd,b73ec0d0-05db-4160-abf6-63be6dd282eb,c2,c3b,,1,2026-06-06 14:38:00.54+00,2026-06-06 14:32:43.887168+00
4a59eee1-af20-4823-9185-a1e77be0900e,20ae7e60-9719-4c71-bee7-2587417b5b94,2,comparison,alpha3,r14525071,q1_accent,91b511db-5de5-4ff7-b354-05667409956c,4a59ee3d-6c02-4e1a-b6cc-d4076ae0cfbb,c3b,c2,,4,2026-06-08 14:05:19.709+00,2026-06-08 14:04:04.322795+00
4aa153cf-0675-403b-9497-0032de9555ce,72bc7c87-9ac0-4910-bfbc-92b6d6d7594c,4,comparison,beta3,r14922009,q2_human,680fd1ed-e0b1-4c92-925e-969e80fa8e7a,522ccdd3-374e-41f1-86ce-fe14ef881b2c,c3b,c3a,,3,2026-06-07 08:41:35.967+00,2026-06-07 08:38:25.567465+00
4ac1aacb-7b11-4966-b0aa-717f3a64693f,7855ef00-12ad-41df-bb4b-4797baa30224,8,comparison,alpha2,r14922009,q3_natural,d15329dc-449e-4ae7-8637-16ff50d4d1c6,ed2febe0-4c43-40f9-99e2-21683c664f01,c2,c3a,,5,2026-06-09 02:36:44.801+00,2026-06-09 02:31:48.515796+00
4b635aad-59a9-419a-ad7a-977225cde995,c7ab1571-d185-4de0-a20b-b4c6d2e5d4a8,13,comparison,beta2,r14922009,q2_human,665b8049-66cf-4a61-bde5-965cc11d4c47,aa0052fb-6096-4c6c-9a8b-d2eba7b0f53d,c3b,c3a,,5,2026-06-08 13:59:54.282+00,2026-06-08 13:56:52.220537+00
4ba5f032-e7cd-4a66-9622-34a34bf6fe26,0ded387d-8c72-4d2c-a014-5fa8879e99dd,13,comparison,alpha6,b09207084,q1_accent,8feb7ae1-4b3a-470b-8419-9bfb162a1c72,5bbc3eb9-af36-43e9-8129-72a1e13ca456,c3b,c2,,5,2026-06-09 08:31:53.938+00,2026-06-09 08:26:30.619914+00
4bf949cb-1a2a-49ae-8ca5-0e960b946f7b,e4cbc61d-dde6-4321-b22a-6a3b224e7686,14,attention,,,,,,,,5,5,2026-06-07 16:53:35.599+00,2026-06-07 16:48:34.012844+00
4ca58ec7-7681-4f0d-8723-7225e3ea9bfb,c7ab1571-d185-4de0-a20b-b4c6d2e5d4a8,1,comparison,alpha3,b11901052,q3_natural,83dd56cb-74e3-4b39-8f65-90bd78c26331,84bc2f6f-6895-4327-92cf-21a4517b5aba,c2,c3a,,1,2026-06-08 13:57:10.841+00,2026-06-08 13:56:52.220537+00
4ced96a6-f78f-41e2-9d75-ff6c3be34605,64bc3b29-edda-4320-bf74-8f9569f619de,7,attention,,,,,,,,2,2,2026-06-06 16:20:04.299+00,2026-06-06 16:09:35.498473+00
4daa2ec5-d660-4349-acc2-6bfccb750e64,20ae7e60-9719-4c71-bee7-2587417b5b94,18,comparison,beta3,b11901052,q1_accent,df4eb257-7d04-4129-8295-47cb3060d9fc,edff3ad9-1af1-420c-84e5-57524dd06f85,c3b,c2,,4,2026-06-08 14:09:23.273+00,2026-06-08 14:04:04.322795+00
4db70ede-20b3-416b-a51d-adde7efd64ee,44b7561a-6152-4679-b691-2a3fd58d3b84,17,comparison,alpha3,r14922009,q3_natural,5a2a07cf-a2d1-4c87-9708-3c2e1abc6074,5d399579-4646-4dfe-a05a-f887d96f6eae,c2,c3a,,1,2026-06-06 12:43:55.336+00,2026-06-06 12:39:32.125999+00
4e43ff54-afef-4e1d-a4cc-9a03a5853d8a,82e872a1-89b5-4f7f-b350-af1307739b56,11,comparison,beta4,r14525071,q1_accent,d56f679d-19ff-486f-b9e2-96d6f96c03c8,6424bd79-ce29-45c7-a8c3-3b6fbb03e92c,c3b,c2,,5,2026-06-09 08:30:37.337+00,2026-06-09 08:26:29.995065+00
4ed93275-684c-44c5-9a8f-4ea0f2d7a97c,64bc3b29-edda-4320-bf74-8f9569f619de,5,comparison,gamma6,r12323023,q3_natural,6effa839-9e2a-4689-931f-7b98ff0de68d,9700465c-4ccd-4e18-9543-ecce858e7d88,c3a,c2,,5,2026-06-06 16:17:26.663+00,2026-06-06 16:09:35.498473+00
4f0eee53-c3a1-4136-810e-839eadfad41f,acb43bfa-08f9-437a-8f4e-41ed59a6cfa5,15,comparison,gamma2,b09207084,q2_human,8a0dbd8e-3190-42ce-8778-62a08dc93dee,b73ec0d0-05db-4160-abf6-63be6dd282eb,c3a,c3b,,5,2026-06-06 14:39:27.013+00,2026-06-06 14:32:43.887168+00
4fbaeed5-0f48-44cb-90f7-db038911c813,addd2a14-7704-4197-b885-dca18ad1f7c1,5,comparison,alpha2,b11901052,q1_accent,b900a4e8-1b2c-4a6f-b65f-8c2f4395d9b5,794dbd30-87ba-429c-8335-2fe07b266986,c3b,c2,,5,2026-06-06 13:43:31.338+00,2026-06-06 13:41:26.539166+00
50cbb8d3-7abe-4002-a585-2c32e79663d8,44b7561a-6152-4679-b691-2a3fd58d3b84,7,attention,,,,,,,,2,2,2026-06-06 12:41:43.388+00,2026-06-06 12:39:32.125999+00
50e01621-36b9-4906-9451-e31596094a0b,1848f42a-c01c-422c-9c19-32e270df7e73,8,comparison,gamma6,r14525071,q1_accent,dfe1686f-6fd3-4e2d-b9c1-1b410f04667a,89d27ae2-986b-4278-a97b-6411e4ea7058,c2,c3b,,1,2026-06-06 17:12:44.788+00,2026-06-06 17:09:21.575198+00
50f73e3d-0926-4d07-9d12-2432296bd8fe,0ded387d-8c72-4d2c-a014-5fa8879e99dd,1,comparison,beta3,r12323023,q1_accent,7de0f8f5-42c1-49ba-8e97-3ac80503763c,b85e8e9f-a00a-499e-96dd-8293e2e91e9e,c3b,c2,,4,2026-06-09 08:27:09.635+00,2026-06-09 08:26:30.619914+00
5261bfa9-6773-46ec-a074-a04f59c9fa39,20ae7e60-9719-4c71-bee7-2587417b5b94,9,comparison,gamma2,b11901052,q3_natural,f1b30c52-e6d6-4e1a-97ea-8bd2ec638e8a,90b374e2-0729-433a-95db-0366193f265b,c2,c3a,,2,2026-06-08 14:07:23.491+00,2026-06-08 14:04:04.322795+00
52b496ab-859d-474e-b622-a313374dcc2f,44b7561a-6152-4679-b691-2a3fd58d3b84,20,comparison,gamma2,r14922009,q2_human,d594ef98-278d-4417-985e-5592efd4849c,ce31c92c-6b56-4391-858a-b064d9832b1f,c3a,c3b,,5,2026-06-06 12:44:35.638+00,2026-06-06 12:39:32.125999+00
53e218d0-a363-4dc8-9617-dc3ff1306679,4d4ee7dc-853f-4c58-be00-84e31665c623,19,comparison,gamma6,r14922a21,q2_human,9cce0f89-ede7-4785-a7a5-174e1e508611,674031c1-f81b-41af-8c16-82e82b1ff8a9,c3b,c3a,,4,2026-06-07 06:18:54.724+00,2026-06-07 06:14:17.678242+00
53ef8cb0-b9ef-4955-8a4e-c3752df87eb7,1848f42a-c01c-422c-9c19-32e270df7e73,16,comparison,alpha4,r14922009,q1_accent,98d76109-5598-44e3-be74-d8bf33fb0b44,51d00112-67a1-4ce1-8ed7-b7ac3e5940aa,c2,c3b,,1,2026-06-06 17:15:53.664+00,2026-06-06 17:09:21.575198+00
542e7b36-9699-424b-a12c-8b9014491fc6,82e872a1-89b5-4f7f-b350-af1307739b56,6,attention,,,,,,,,2,2,2026-06-09 08:28:00.385+00,2026-06-09 08:26:29.995065+00
5860940e-a15e-4b38-bb68-5bec28da1ef7,addd2a14-7704-4197-b885-dca18ad1f7c1,14,comparison,gamma2,r14922a21,q1_accent,a9bf2624-1a8b-4f9b-91d6-073b67283239,98b1aeb0-8e59-455f-a950-bd385ea1db09,c3b,c2,,4,2026-06-06 13:46:11.94+00,2026-06-06 13:41:26.539166+00
5863c4b7-ae5a-4e75-a590-a7c9327c7820,1848f42a-c01c-422c-9c19-32e270df7e73,14,comparison,gamma1,b11901052,q3_natural,b53cc3e2-1549-4ee4-b101-ef9bd74a8bf7,d0a8cf4e-3aac-40b2-b7b1-02feeb6dd63b,c3a,c2,,3,2026-06-06 17:15:08.517+00,2026-06-06 17:09:21.575198+00
594aa2ee-6e51-4c5d-8fdf-88e50d947fae,1ebd96aa-da02-4509-a461-a6acc8ecc5ea,7,comparison,alpha2,r14922a21,q1_accent,4a6e2747-ff6e-45d3-8fbc-cfd640ee4f41,cd6fd0d6-82d4-48ca-a203-551fd8d258ab,c3b,c2,,4,2026-06-08 14:20:46.046+00,2026-06-08 14:18:28.151627+00
59e09c5c-dbb7-4ec6-adf7-8886866458e2,acb43bfa-08f9-437a-8f4e-41ed59a6cfa5,13,comparison,alpha5,b11901052,q1_accent,06788064-6d1c-459a-9d3a-d64762594f9c,b3296841-e16f-4228-95e2-c6432ee513c9,c3b,c2,,4,2026-06-06 14:38:51.942+00,2026-06-06 14:32:43.887168+00
5b7a089b-cb58-427b-a152-b5b0c8c6a2ce,7855ef00-12ad-41df-bb4b-4797baa30224,4,comparison,gamma6,r14525071,q2_human,991dcc3a-a9a8-449a-962c-541787ec2fff,89d27ae2-986b-4278-a97b-6411e4ea7058,c3a,c3b,,2,2026-06-09 02:34:40.919+00,2026-06-09 02:31:48.515796+00
5be36966-ac2d-435d-bf9f-3c11317e2a35,c7ab1571-d185-4de0-a20b-b4c6d2e5d4a8,12,comparison,beta5,r14922009,q1_accent,c67e8afd-e435-4227-9c36-b8f2a226dcb7,787eec06-28bc-4985-9d63-39f3b7e2ea62,c2,c3b,,1,2026-06-08 13:59:45.193+00,2026-06-08 13:56:52.220537+00
5c3376e0-47e4-4620-8936-9020e6ce224c,64bc3b29-edda-4320-bf74-8f9569f619de,12,comparison,alpha2,r14922a21,q3_natural,cd6fd0d6-82d4-48ca-a203-551fd8d258ab,618a6c5a-9e73-48d3-b475-8d50278bd5f4,c2,c3a,,1,2026-06-06 16:22:06.352+00,2026-06-06 16:09:35.498473+00
5c781d76-a50a-4d0e-951f-9d9a6c9564c7,ebacec3a-3f30-4ac3-9ca3-5d5ddc365ca9,14,comparison,gamma4,r14525071,q3_natural,9dcfc685-28df-44f9-a84e-60f696870682,904b15ee-a175-4f22-9e69-f69707e6eda0,c3a,c2,,4,2026-06-06 13:33:14.543+00,2026-06-06 13:29:40.587078+00
5d05866e-e374-4441-8a39-973a9bc10779,72bc7c87-9ac0-4910-bfbc-92b6d6d7594c,1,comparison,beta5,r14525071,q3_natural,a25b9c8b-0fe3-42f6-a6e1-3e555f4337ed,7f57ccc5-3c45-47b0-b5cc-4c7ffb4821a2,c3a,c2,,4,2026-06-07 08:39:12.517+00,2026-06-07 08:38:25.567465+00
5db390f8-02ea-4557-8215-608a2ac96378,64bc3b29-edda-4320-bf74-8f9569f619de,20,comparison,beta1,r14922009,q2_human,5f10101a-bc35-4251-9700-988868e6c31e,c1856831-9688-406e-97a7-f99199a42dd7,c3a,c3b,,5,2026-06-06 16:28:06.903+00,2026-06-06 16:09:35.498473+00
609b2b6f-3ed0-4433-b0ff-f7a209bc9516,c7ab1571-d185-4de0-a20b-b4c6d2e5d4a8,10,comparison,beta2,r14922009,q3_natural,aa0052fb-6096-4c6c-9a8b-d2eba7b0f53d,bccf325f-c9c0-4ce9-b468-c348b61da6cf,c3a,c2,,5,2026-06-08 13:59:26.497+00,2026-06-08 13:56:52.220537+00
60fbee45-a41c-498c-b5d4-7662ef835d16,0ded387d-8c72-4d2c-a014-5fa8879e99dd,17,comparison,beta2,b11901052,q2_human,a72a894c-bbac-441d-9f34-f5af7bbf125c,933295f0-0557-4e3c-af9c-ec29281c964d,c3b,c3a,,2,2026-06-09 09:21:22.515+00,2026-06-09 08:26:30.619914+00
62220310-ceb0-4bcd-aaaa-5b3dd25ddc0a,4d4ee7dc-853f-4c58-be00-84e31665c623,17,comparison,beta3,r14922a21,q1_accent,7281e0e3-c6d2-4f87-8b86-855b6b6eef0a,a829b216-6a6e-42b1-a3b2-07daf399a5e6,c3b,c2,,5,2026-06-07 06:18:17.073+00,2026-06-07 06:14:17.678242+00
6268235b-688d-465c-9dbb-cd1fb023fece,4d4ee7dc-853f-4c58-be00-84e31665c623,7,comparison,beta3,r14922a21,q3_natural,53de1ce3-8104-4979-8b05-f176efe8004d,a829b216-6a6e-42b1-a3b2-07daf399a5e6,c3a,c2,,5,2026-06-07 06:16:35.973+00,2026-06-07 06:14:17.678242+00
628c6976-8a70-4aad-b21c-d97b511e833c,7855ef00-12ad-41df-bb4b-4797baa30224,20,comparison,gamma6,r14525071,q3_natural,dfe1686f-6fd3-4e2d-b9c1-1b410f04667a,991dcc3a-a9a8-449a-962c-541787ec2fff,c2,c3a,,2,2026-06-09 02:40:41.085+00,2026-06-09 02:31:48.515796+00
640a39c6-fb00-400a-87c6-ab2d9efa4881,7855ef00-12ad-41df-bb4b-4797baa30224,19,comparison,beta5,b11901052,q2_human,b9c7267e-0407-4fb6-9f5c-7316a675a904,9b07476a-ee9b-4898-aac1-f94e66ea9ba8,c3b,c3a,,1,2026-06-09 02:40:14.567+00,2026-06-09 02:31:48.515796+00
646c7e6f-0b7e-4f93-a664-fc4a620a750a,e4cbc61d-dde6-4321-b22a-6a3b224e7686,1,comparison,alpha3,r14525071,q2_human,fc646123-33e0-4067-8f7b-7fe37a4f2faa,91b511db-5de5-4ff7-b354-05667409956c,c3a,c3b,,4,2026-06-07 16:49:28.682+00,2026-06-07 16:48:34.012844+00
6481f5ac-0235-4c04-89b8-13cd38401b62,1ebd96aa-da02-4509-a461-a6acc8ecc5ea,19,comparison,gamma6,r14922009,q1_accent,337d2019-c058-4f15-90ea-263ef931bf8d,aaf86564-797f-4ba9-8a67-077e2a6a4911,c3b,c2,,3,2026-06-08 14:24:18.748+00,2026-06-08 14:18:28.151627+00
658eef88-7768-430c-a605-3053a864c93f,e4cbc61d-dde6-4321-b22a-6a3b224e7686,8,attention,,,,,,,,2,2,2026-06-07 16:52:01.472+00,2026-06-07 16:48:34.012844+00
666feba4-1204-40a2-a608-08aa263ec9c2,44b7561a-6152-4679-b691-2a3fd58d3b84,9,comparison,alpha3,r14922009,q2_human,f5ed8dae-ec64-49fb-abab-399666f21acb,5d399579-4646-4dfe-a05a-f887d96f6eae,c3b,c3a,,1,2026-06-06 12:42:21.218+00,2026-06-06 12:39:32.125999+00
6946effd-8e2f-4427-bcac-d1793d084983,90e82832-73d2-4db9-9b5f-a68bd03596ed,20,comparison,gamma4,r14922009,q1_accent,66df8160-4398-4d88-adab-3584e4cb903d,9f7a5417-7c2b-4849-825f-05f11c9d91bf,c2,c3b,,2,2026-06-08 16:14:15.912+00,2026-06-08 16:09:36.733117+00
6b8f29d9-5fe5-4d9c-8842-967af2f35d16,72bc7c87-9ac0-4910-bfbc-92b6d6d7594c,18,comparison,gamma3,b09207084,q3_natural,b637b4e2-81ca-4ec0-bfb1-29bb2e6d4d16,afd20ede-be32-40b7-80ac-019afcbee78e,c2,c3a,,4,2026-06-07 08:48:01.173+00,2026-06-07 08:38:25.567465+00
6ba7a586-a9b4-4451-9869-9fccda7ff2ea,1ebd96aa-da02-4509-a461-a6acc8ecc5ea,6,attention,,,,,,,,2,2,2026-06-08 14:20:27.987+00,2026-06-08 14:18:28.151627+00
6c356e76-98da-45b3-b92e-8bf434bf0320,e4cbc61d-dde6-4321-b22a-6a3b224e7686,18,comparison,beta4,r14922a21,q3_natural,7f4fe70a-6960-4aa2-9c95-f5be3e312f31,6442424f-7988-4faf-a757-e8712d8ea6d3,c2,c3a,,4,2026-06-07 16:54:45.472+00,2026-06-07 16:48:34.012844+00
6cb8e3e6-bf46-4e90-b6e1-330ca2ce4084,72bc7c87-9ac0-4910-bfbc-92b6d6d7594c,16,comparison,alpha6,b11901052,q3_natural,87c72cdf-0c5a-4cb8-9235-bdc3fa61916c,2cd14cff-29ed-4a45-8680-8ac181d5506b,c3a,c2,,2,2026-06-07 08:47:25.647+00,2026-06-07 08:38:25.567465+00
6cbbbaed-2870-43df-905d-ae26d731716c,addd2a14-7704-4197-b885-dca18ad1f7c1,18,comparison,beta2,r14922009,q3_natural,bccf325f-c9c0-4ce9-b468-c348b61da6cf,aa0052fb-6096-4c6c-9a8b-d2eba7b0f53d,c2,c3a,,2,2026-06-06 13:47:27.489+00,2026-06-06 13:41:26.539166+00
6d382caf-3282-42ef-8b52-58a6391ad44b,20ae7e60-9719-4c71-bee7-2587417b5b94,4,comparison,gamma6,r12323023,q2_human,6effa839-9e2a-4689-931f-7b98ff0de68d,ec39dd87-c1ff-4159-b615-4a2f77fe42d2,c3a,c3b,,4,2026-06-08 14:06:11.726+00,2026-06-08 14:04:04.322795+00
6f0a63b3-f435-4e18-af27-ec3b2e7a2c04,72bc7c87-9ac0-4910-bfbc-92b6d6d7594c,2,comparison,beta5,r14525071,q2_human,a78a2d5f-33f2-4802-9217-cf10d54c7e8d,a25b9c8b-0fe3-42f6-a6e1-3e555f4337ed,c3b,c3a,,2,2026-06-07 08:39:29.058+00,2026-06-07 08:38:25.567465+00
6fc37b37-8ea7-4b98-972a-d8a51d97e736,acb43bfa-08f9-437a-8f4e-41ed59a6cfa5,6,comparison,alpha1,b11901052,q2_human,6cc29ee8-dd00-4ba6-9930-8ee5e48506d5,e2ab3030-5a4a-42a5-a978-a0817da18f76,c3a,c3b,,1,2026-06-06 14:35:41.739+00,2026-06-06 14:32:43.887168+00
717881e4-951c-4386-afc9-2beaea27bacc,4d4ee7dc-853f-4c58-be00-84e31665c623,2,comparison,gamma2,b11901052,q2_human,90b374e2-0729-433a-95db-0366193f265b,fbc20be7-a381-4a0b-95fb-2b1a5deed526,c3a,c3b,,4,2026-06-07 06:15:24.954+00,2026-06-07 06:14:17.678242+00
721e7c3b-8e78-4ad7-951b-77ed5e42f985,acb43bfa-08f9-437a-8f4e-41ed59a6cfa5,4,comparison,beta2,b09207084,q2_human,654e1442-5571-494b-8709-206ca5909b8d,0912f6c7-6ec3-488d-ad29-ecda34a7c88d,c3b,c3a,,1,2026-06-06 14:34:55.472+00,2026-06-06 14:32:43.887168+00
727d5484-1ac8-47a4-a64b-1532d214106c,a8948ab3-ebf9-46f7-a9bf-8b696e42e107,18,comparison,gamma3,b11901052,q3_natural,7babc447-b7b9-404c-b691-42d59b84d2c7,80792ed4-9217-4c19-9679-8cd43e361f35,c3a,c2,,3,2026-06-09 02:38:20.759+00,2026-06-09 02:34:00.684807+00
73d2b286-deeb-47de-988f-112851d54e8d,e4cbc61d-dde6-4321-b22a-6a3b224e7686,19,comparison,beta2,r14525071,q3_natural,8e491936-9b30-450c-a218-18d3230c6fa2,59ca9659-1e93-4381-b94a-924d0de93505,c3a,c2,,5,2026-06-07 16:55:15.62+00,2026-06-07 16:48:34.012844+00
769cfea0-df58-4cc2-a026-bebd8c3af939,1848f42a-c01c-422c-9c19-32e270df7e73,11,comparison,alpha4,r14922009,q2_human,e52aba0b-f8f2-4d7a-a2bd-c38fd7aae422,51d00112-67a1-4ce1-8ed7-b7ac3e5940aa,c3a,c3b,,2,2026-06-06 17:14:11.419+00,2026-06-06 17:09:21.575198+00
77e27566-d62c-44da-a2b7-d1f9bc5eea4e,1848f42a-c01c-422c-9c19-32e270df7e73,12,comparison,alpha4,r14922009,q3_natural,98d76109-5598-44e3-be74-d8bf33fb0b44,e52aba0b-f8f2-4d7a-a2bd-c38fd7aae422,c2,c3a,,2,2026-06-06 17:14:42.859+00,2026-06-06 17:09:21.575198+00
789be334-83a7-4e5a-9b2f-da3cb57727f8,acb43bfa-08f9-437a-8f4e-41ed59a6cfa5,14,attention,,,,,,,,5,5,2026-06-06 14:38:54.798+00,2026-06-06 14:32:43.887168+00
78f171d3-1ea3-410f-a40f-0de98127c09f,64bc3b29-edda-4320-bf74-8f9569f619de,2,comparison,beta1,r14922009,q3_natural,5f10101a-bc35-4251-9700-988868e6c31e,b605376a-3ca8-475f-9ee7-ab19d4d223b3,c3a,c2,,1,2026-06-06 16:14:33.484+00,2026-06-06 16:09:35.498473+00
793d2780-5943-429b-b8f0-6bbf3af63c72,7855ef00-12ad-41df-bb4b-4797baa30224,2,comparison,alpha2,r14922009,q1_accent,bbac1fc3-600a-4f1c-b040-4e82d1e97710,d15329dc-449e-4ae7-8637-16ff50d4d1c6,c3b,c2,,5,2026-06-09 02:33:08.713+00,2026-06-09 02:31:48.515796+00
7b0ef5cc-f4a8-457b-acf2-d79549643b93,1848f42a-c01c-422c-9c19-32e270df7e73,6,attention,,,,,,,,2,2,2026-06-06 17:12:17.489+00,2026-06-06 17:09:21.575198+00
7b88f9b2-a097-47b1-aa70-99b1b980348c,1848f42a-c01c-422c-9c19-32e270df7e73,10,comparison,gamma6,r14525071,q2_human,991dcc3a-a9a8-449a-962c-541787ec2fff,89d27ae2-986b-4278-a97b-6411e4ea7058,c3a,c3b,,4,2026-06-06 17:13:31.684+00,2026-06-06 17:09:21.575198+00
7baa1195-fa96-48e1-aee7-7f16cae7b5da,4d4ee7dc-853f-4c58-be00-84e31665c623,4,comparison,gamma2,b11901052,q1_accent,fbc20be7-a381-4a0b-95fb-2b1a5deed526,f1b30c52-e6d6-4e1a-97ea-8bd2ec638e8a,c3b,c2,,5,2026-06-07 06:16:02.462+00,2026-06-07 06:14:17.678242+00
7c45b1be-4c61-4860-9ee8-41723548491d,4d4ee7dc-853f-4c58-be00-84e31665c623,14,comparison,beta1,r14922009,q1_accent,b605376a-3ca8-475f-9ee7-ab19d4d223b3,c1856831-9688-406e-97a7-f99199a42dd7,c2,c3b,,1,2026-06-07 06:17:39.966+00,2026-06-07 06:14:17.678242+00
7d3dab87-e144-433b-9d1c-f7259f43238e,c7ab1571-d185-4de0-a20b-b4c6d2e5d4a8,6,comparison,beta2,r14922009,q1_accent,bccf325f-c9c0-4ce9-b468-c348b61da6cf,665b8049-66cf-4a61-bde5-965cc11d4c47,c2,c3b,,1,2026-06-08 13:58:25.921+00,2026-06-08 13:56:52.220537+00
7d93ad24-6c5e-4178-8850-e60954beece0,44b7561a-6152-4679-b691-2a3fd58d3b84,6,comparison,gamma2,r14922009,q1_accent,ce31c92c-6b56-4391-858a-b064d9832b1f,b1f620e4-f5e5-438f-bce7-d85e88f5d631,c3b,c2,,5,2026-06-06 12:41:33.372+00,2026-06-06 12:39:32.125999+00
7e7e6108-8f7b-4a99-bb76-48e55b7ab6e0,a8948ab3-ebf9-46f7-a9bf-8b696e42e107,5,comparison,alpha3,r14922a21,q3_natural,fe7e25a1-58cd-4d88-8793-f0debdf8431d,92c4d7e9-a99e-4de3-9ada-601956a0a707,c2,c3a,,4,2026-06-09 02:35:15.701+00,2026-06-09 02:34:00.684807+00
7f2f451d-96ae-49ec-be98-479dbfda6d9a,c7ab1571-d185-4de0-a20b-b4c6d2e5d4a8,5,comparison,gamma4,r14525071,q1_accent,a9879424-e129-4428-b98d-a4ded13c5f37,904b15ee-a175-4f22-9e69-f69707e6eda0,c3b,c2,,5,2026-06-08 13:58:19.04+00,2026-06-08 13:56:52.220537+00
7fafc5e1-d396-4e31-b031-77e6e040536e,82e872a1-89b5-4f7f-b350-af1307739b56,14,attention,,,,,,,,5,5,2026-06-09 08:31:40.895+00,2026-06-09 08:26:29.995065+00
81bb7439-4032-41bc-bec8-e942fb8b1e4d,a8948ab3-ebf9-46f7-a9bf-8b696e42e107,11,comparison,beta1,b09207084,q3_natural,612a991d-a57d-448b-b736-adf7cc3896ce,ec1b82e8-7eac-419b-8e6c-610b054d3847,c2,c3a,,2,2026-06-09 02:36:32.863+00,2026-06-09 02:34:00.684807+00
8272986c-6b50-42af-8bf6-29d16f238569,1ebd96aa-da02-4509-a461-a6acc8ecc5ea,12,comparison,gamma2,r14922a21,q3_natural,98b1aeb0-8e59-455f-a950-bd385ea1db09,b7c1f4cb-9330-4d8a-82f3-b83097b469de,c2,c3a,,1,2026-06-08 14:21:57.85+00,2026-06-08 14:18:28.151627+00
82958975-b0ae-4c1b-95bb-a212349b1644,64bc3b29-edda-4320-bf74-8f9569f619de,4,comparison,gamma6,r12323023,q1_accent,9700465c-4ccd-4e18-9543-ecce858e7d88,ec39dd87-c1ff-4159-b615-4a2f77fe42d2,c2,c3b,,5,2026-06-06 16:17:12.24+00,2026-06-06 16:09:35.498473+00
84ab3494-60bd-4b4d-bdb2-2033ce39e1db,addd2a14-7704-4197-b885-dca18ad1f7c1,11,comparison,beta2,r14922009,q2_human,665b8049-66cf-4a61-bde5-965cc11d4c47,aa0052fb-6096-4c6c-9a8b-d2eba7b0f53d,c3b,c3a,,2,2026-06-06 13:45:22.984+00,2026-06-06 13:41:26.539166+00
8519bb37-45d1-46e5-b909-01aca28f11bc,72bc7c87-9ac0-4910-bfbc-92b6d6d7594c,7,comparison,gamma4,r14525071,q3_natural,904b15ee-a175-4f22-9e69-f69707e6eda0,9dcfc685-28df-44f9-a84e-60f696870682,c2,c3a,,4,2026-06-07 08:44:04.148+00,2026-06-07 08:38:25.567465+00
869d0f43-ce11-4dd1-be72-7d700100530c,64bc3b29-edda-4320-bf74-8f9569f619de,8,comparison,gamma2,b09207084,q2_human,8a0dbd8e-3190-42ce-8778-62a08dc93dee,b73ec0d0-05db-4160-abf6-63be6dd282eb,c3a,c3b,,5,2026-06-06 16:20:15.82+00,2026-06-06 16:09:35.498473+00
878bb779-9486-46b9-912f-83f2c336f4c4,acb43bfa-08f9-437a-8f4e-41ed59a6cfa5,5,comparison,gamma2,b09207084,q3_natural,a8b79a1d-5faf-4518-953a-51bbe66c51dd,8a0dbd8e-3190-42ce-8778-62a08dc93dee,c2,c3a,,4,2026-06-06 14:35:26.004+00,2026-06-06 14:32:43.887168+00
8983d218-f59a-4cf6-9efe-1c672494771e,7855ef00-12ad-41df-bb4b-4797baa30224,10,comparison,alpha2,r14922009,q2_human,ed2febe0-4c43-40f9-99e2-21683c664f01,bbac1fc3-600a-4f1c-b040-4e82d1e97710,c3a,c3b,,2,2026-06-09 02:38:02.631+00,2026-06-09 02:31:48.515796+00
8a157dc2-9d74-45c9-bbd6-56b87ca3b987,1ebd96aa-da02-4509-a461-a6acc8ecc5ea,20,comparison,alpha4,r12323023,q2_human,acbe9c10-ccff-493f-aa7c-4b60f2314531,b05a22e7-beb2-4e3c-a244-e69c3394bab4,c3b,c3a,,2,2026-06-08 14:24:41.831+00,2026-06-08 14:18:28.151627+00
8a4741be-e407-44c7-845d-fe958dba30cf,90e82832-73d2-4db9-9b5f-a68bd03596ed,5,comparison,gamma4,r14922009,q3_natural,b453159d-841f-43dc-b122-f9b06781df8f,66df8160-4398-4d88-adab-3584e4cb903d,c3a,c2,,4,2026-06-08 16:11:24.182+00,2026-06-08 16:09:36.733117+00
8a9bd56c-6a15-459e-bcaf-8de3189a56a8,e4cbc61d-dde6-4321-b22a-6a3b224e7686,16,comparison,gamma4,b09207084,q2_human,360b138a-cdc7-4cad-83ca-eb83cba53761,5c3b555d-d281-4ea4-83bb-9526c507574b,c3a,c3b,,3,2026-06-07 16:54:14.428+00,2026-06-07 16:48:34.012844+00
8b497ee3-fe44-4037-a32d-a670e1cd3d50,acb43bfa-08f9-437a-8f4e-41ed59a6cfa5,1,comparison,beta2,b09207084,q1_accent,6321b58b-70a9-4923-a4ec-dc3a104677b1,654e1442-5571-494b-8709-206ca5909b8d,c2,c3b,,1,2026-06-06 14:33:17.025+00,2026-06-06 14:32:43.887168+00
8be96482-05f0-4652-8363-4ab4959727ba,acb43bfa-08f9-437a-8f4e-41ed59a6cfa5,18,comparison,alpha5,b11901052,q3_natural,b3296841-e16f-4228-95e2-c6432ee513c9,92003890-d1bb-4518-ab9a-24e07e19696c,c2,c3a,,2,2026-06-06 14:40:16.05+00,2026-06-06 14:32:43.887168+00
8c8d8e8a-11a6-4075-ba32-e7446a16ce1f,7855ef00-12ad-41df-bb4b-4797baa30224,15,comparison,gamma2,b11901052,q3_natural,90b374e2-0729-433a-95db-0366193f265b,f1b30c52-e6d6-4e1a-97ea-8bd2ec638e8a,c3a,c2,,4,2026-06-09 02:39:21.029+00,2026-06-09 02:31:48.515796+00
8c954bda-352d-4f2f-9cb7-7fff2608ae0c,c7ab1571-d185-4de0-a20b-b4c6d2e5d4a8,17,comparison,gamma4,r14525071,q3_natural,9dcfc685-28df-44f9-a84e-60f696870682,904b15ee-a175-4f22-9e69-f69707e6eda0,c3a,c2,,5,2026-06-08 14:00:23.822+00,2026-06-08 13:56:52.220537+00
8e6b98b3-40f5-4c05-9224-d6420f52ee3d,a8948ab3-ebf9-46f7-a9bf-8b696e42e107,19,comparison,gamma2,b09207084,q2_human,b73ec0d0-05db-4160-abf6-63be6dd282eb,8a0dbd8e-3190-42ce-8778-62a08dc93dee,c3b,c3a,,2,2026-06-09 02:38:35.183+00,2026-06-09 02:34:00.684807+00
8ed5bf3e-1352-4ecc-9ecc-ce8ddf275f9b,c7ab1571-d185-4de0-a20b-b4c6d2e5d4a8,2,comparison,alpha3,b11901052,q2_human,84bc2f6f-6895-4327-92cf-21a4517b5aba,c75beb60-8615-488e-ba06-1ac539c461d7,c3a,c3b,,5,2026-06-08 13:57:41.391+00,2026-06-08 13:56:52.220537+00
8fb54bce-ac98-49cc-ae78-677e7be665a0,64bc3b29-edda-4320-bf74-8f9569f619de,13,attention,,,,,,,,5,5,2026-06-06 16:22:12.558+00,2026-06-06 16:09:35.498473+00
9096eee3-6b00-45fd-997a-2b73ed47211e,7855ef00-12ad-41df-bb4b-4797baa30224,14,comparison,gamma2,b11901052,q2_human,90b374e2-0729-433a-95db-0366193f265b,fbc20be7-a381-4a0b-95fb-2b1a5deed526,c3a,c3b,,4,2026-06-09 02:38:52.59+00,2026-06-09 02:31:48.515796+00
95138000-43bc-47a1-8c4c-da2e6de94193,ebacec3a-3f30-4ac3-9ca3-5d5ddc365ca9,18,comparison,beta4,b09207084,q2_human,5951e9c9-b5d4-428b-9b3e-afe702a65524,685c27a3-9582-4592-9cd5-19a5b89c464a,c3a,c3b,,4,2026-06-06 13:34:09.228+00,2026-06-06 13:29:40.587078+00
951c4bf1-fb9f-4c80-8827-b2b2cb507ea0,72bc7c87-9ac0-4910-bfbc-92b6d6d7594c,9,comparison,beta3,r14922009,q3_natural,b4c5cd43-d612-4fc4-befa-09d08d5dd94d,522ccdd3-374e-41f1-86ce-fe14ef881b2c,c2,c3a,,4,2026-06-07 08:45:08.368+00,2026-06-07 08:38:25.567465+00
967b14de-d437-4f84-8322-4c9b8f5404a2,1848f42a-c01c-422c-9c19-32e270df7e73,1,comparison,alpha1,r14922a21,q1_accent,60cde02b-0807-4275-b157-4ae66da5291a,cd92a115-7900-4c1a-a584-4e489ff9bd5d,c2,c3b,,1,2026-06-06 17:10:14.744+00,2026-06-06 17:09:21.575198+00
9693950b-5458-4c6f-8a68-37dccdf3ae84,c7ab1571-d185-4de0-a20b-b4c6d2e5d4a8,18,comparison,gamma1,b09207084,q2_human,eba040e8-cf64-4af1-ad9d-393029df241d,9b862808-6afd-4359-9c7b-ac1078001400,c3a,c3b,,1,2026-06-08 14:00:35.868+00,2026-06-08 13:56:52.220537+00
96c88115-20c9-4846-806c-9cd81600f7b2,c7ab1571-d185-4de0-a20b-b4c6d2e5d4a8,11,comparison,gamma1,b09207084,q1_accent,ae2b456f-ea03-4abe-af5f-dcf067aa8b3e,9b862808-6afd-4359-9c7b-ac1078001400,c2,c3b,,1,2026-06-08 13:59:37.115+00,2026-06-08 13:56:52.220537+00
97006b33-f6da-4e0b-99b4-0c51465d068a,0ded387d-8c72-4d2c-a014-5fa8879e99dd,11,comparison,gamma2,r12323023,q3_natural,c8afd65d-8342-4481-9557-fa4424cc361c,ce6916fa-6065-4108-a1ba-7ef22a6182ff,c3a,c2,,4,2026-06-09 08:31:26.969+00,2026-06-09 08:26:30.619914+00
985b0620-30a1-4169-947d-eaeed23c2606,1848f42a-c01c-422c-9c19-32e270df7e73,2,comparison,beta3,b09207084,q2_human,8cde957d-6ebc-452a-a4f4-de45ad42618e,f9ea7a46-fa3d-47a7-80fe-f88bbc6f50eb,c3a,c3b,,4,2026-06-06 17:11:15.233+00,2026-06-06 17:09:21.575198+00
99426443-ef89-4a4a-9756-62dfb1b133c2,addd2a14-7704-4197-b885-dca18ad1f7c1,15,comparison,alpha4,r14922009,q1_accent,51d00112-67a1-4ce1-8ed7-b7ac3e5940aa,98d76109-5598-44e3-be74-d8bf33fb0b44,c3b,c2,,5,2026-06-06 13:46:39.57+00,2026-06-06 13:41:26.539166+00
9a7654ef-15ce-49ac-9f9f-ed97eb4991da,82e872a1-89b5-4f7f-b350-af1307739b56,20,comparison,gamma6,r12323023,q3_natural,9700465c-4ccd-4e18-9543-ecce858e7d88,6effa839-9e2a-4689-931f-7b98ff0de68d,c2,c3a,,4,2026-06-09 08:33:59.239+00,2026-06-09 08:26:29.995065+00
9a9977ac-275a-424c-b8cd-ce93783c97ee,ebacec3a-3f30-4ac3-9ca3-5d5ddc365ca9,8,comparison,gamma3,r12323023,q2_human,9fe401cb-14b4-407b-a827-f63c7afb1ac0,6423717c-0df8-41ca-bd9a-c766e3b01ed7,c3b,c3a,,2,2026-06-06 13:32:07.06+00,2026-06-06 13:29:40.587078+00
9ab762c9-1111-44c1-b2be-750f5cc8b460,c7ab1571-d185-4de0-a20b-b4c6d2e5d4a8,14,attention,,,,,,,,5,5,2026-06-08 13:59:57.267+00,2026-06-08 13:56:52.220537+00
9b0e6b0d-664c-454a-ba00-dc357ef82f2f,1848f42a-c01c-422c-9c19-32e270df7e73,13,attention,,,,,,,,5,5,2026-06-06 17:14:46.092+00,2026-06-06 17:09:21.575198+00
9e603577-b1e3-417e-bc7a-d4e28c5b5752,1ebd96aa-da02-4509-a461-a6acc8ecc5ea,11,comparison,gamma6,r14922009,q3_natural,aaf86564-797f-4ba9-8a67-077e2a6a4911,cc98318a-77ef-45bb-804d-c82855e3574b,c2,c3a,,5,2026-06-08 14:21:43.394+00,2026-06-08 14:18:28.151627+00
9e7d259e-61e2-496c-b38f-7f3976e17fab,44b7561a-6152-4679-b691-2a3fd58d3b84,1,comparison,alpha3,r14922009,q1_accent,f5ed8dae-ec64-49fb-abab-399666f21acb,5a2a07cf-a2d1-4c87-9708-3c2e1abc6074,c3b,c2,,5,2026-06-06 12:39:56.831+00,2026-06-06 12:39:32.125999+00
9e8657c9-8b3e-4ad7-8ca7-9c070585af60,90e82832-73d2-4db9-9b5f-a68bd03596ed,17,comparison,gamma6,r12323023,q2_human,ec39dd87-c1ff-4159-b615-4a2f77fe42d2,6effa839-9e2a-4689-931f-7b98ff0de68d,c3b,c3a,,2,2026-06-08 16:13:38.033+00,2026-06-08 16:09:36.733117+00
9f11e3b9-6f11-4715-be00-584f6cbeabd8,a8948ab3-ebf9-46f7-a9bf-8b696e42e107,12,comparison,gamma2,b09207084,q3_natural,8a0dbd8e-3190-42ce-8778-62a08dc93dee,a8b79a1d-5faf-4518-953a-51bbe66c51dd,c3a,c2,,3,2026-06-09 02:36:46.8+00,2026-06-09 02:34:00.684807+00
9f617820-5d20-4491-bba9-88aceef14d52,ebacec3a-3f30-4ac3-9ca3-5d5ddc365ca9,2,comparison,alpha3,r14525071,q1_accent,4a59ee3d-6c02-4e1a-b6cc-d4076ae0cfbb,91b511db-5de5-4ff7-b354-05667409956c,c2,c3b,,1,2026-06-06 13:30:32.848+00,2026-06-06 13:29:40.587078+00
a019e37e-f183-4e47-a011-a5790b416244,44b7561a-6152-4679-b691-2a3fd58d3b84,2,comparison,beta4,r14525071,q2_human,ed9e26de-2a4c-4729-96c2-33923f2b089b,d56f679d-19ff-486f-b9e2-96d6f96c03c8,c3a,c3b,,1,2026-06-06 12:40:21.579+00,2026-06-06 12:39:32.125999+00
a03e7c4a-a938-4882-858e-db8be025ecb2,acb43bfa-08f9-437a-8f4e-41ed59a6cfa5,7,attention,,,,,,,,2,2,2026-06-06 14:35:52.41+00,2026-06-06 14:32:43.887168+00
a07fd7dc-fa7f-4670-9a55-792b908e02aa,44b7561a-6152-4679-b691-2a3fd58d3b84,8,comparison,gamma2,r14922009,q3_natural,d594ef98-278d-4417-985e-5592efd4849c,b1f620e4-f5e5-438f-bce7-d85e88f5d631,c3a,c2,,5,2026-06-06 12:42:12.042+00,2026-06-06 12:39:32.125999+00
a3013aaa-b366-48c2-a08a-13994a8d66b1,0ded387d-8c72-4d2c-a014-5fa8879e99dd,5,comparison,beta3,r12323023,q2_human,d904bb4c-1dd2-417f-9459-6e049b6719f6,7de0f8f5-42c1-49ba-8e97-3ac80503763c,c3a,c3b,,5,2026-06-09 08:28:27.148+00,2026-06-09 08:26:30.619914+00
a391d578-bc87-48d8-96d6-1c17cb557ea8,addd2a14-7704-4197-b885-dca18ad1f7c1,16,comparison,alpha4,r14922009,q3_natural,98d76109-5598-44e3-be74-d8bf33fb0b44,e52aba0b-f8f2-4d7a-a2bd-c38fd7aae422,c2,c3a,,1,2026-06-06 13:46:57.037+00,2026-06-06 13:41:26.539166+00
a434fcb5-d09e-472a-9eeb-bb5c775950b8,82e872a1-89b5-4f7f-b350-af1307739b56,7,comparison,beta5,b11901052,q3_natural,9b07476a-ee9b-4898-aac1-f94e66ea9ba8,002d9b56-f20f-4fa5-86c1-ec6824086569,c3a,c2,,2,2026-06-09 08:28:13.258+00,2026-06-09 08:26:29.995065+00
a46b973e-1a68-456a-b193-093561006b48,1848f42a-c01c-422c-9c19-32e270df7e73,20,comparison,beta2,r14922009,q3_natural,bccf325f-c9c0-4ce9-b468-c348b61da6cf,aa0052fb-6096-4c6c-9a8b-d2eba7b0f53d,c2,c3a,,4,2026-06-06 17:18:41.074+00,2026-06-06 17:09:21.575198+00
a47a9b84-a6e1-41fe-9938-4b91c813512a,64bc3b29-edda-4320-bf74-8f9569f619de,18,comparison,gamma2,b09207084,q1_accent,b73ec0d0-05db-4160-abf6-63be6dd282eb,a8b79a1d-5faf-4518-953a-51bbe66c51dd,c3b,c2,,3,2026-06-06 16:27:45.841+00,2026-06-06 16:09:35.498473+00
a50b2b5c-83f9-4164-8b2e-1ebdfc60d174,1ebd96aa-da02-4509-a461-a6acc8ecc5ea,4,comparison,beta2,r14922009,q2_human,665b8049-66cf-4a61-bde5-965cc11d4c47,aa0052fb-6096-4c6c-9a8b-d2eba7b0f53d,c3b,c3a,,2,2026-06-08 14:20:03.474+00,2026-06-08 14:18:28.151627+00
a580382b-0866-415a-902d-fe9a7a8b75d0,e4cbc61d-dde6-4321-b22a-6a3b224e7686,4,comparison,alpha3,r14525071,q1_accent,91b511db-5de5-4ff7-b354-05667409956c,4a59ee3d-6c02-4e1a-b6cc-d4076ae0cfbb,c3b,c2,,5,2026-06-07 16:50:43.446+00,2026-06-07 16:48:34.012844+00
a85ee3cf-1ff3-412a-9992-507ec3711ccb,64bc3b29-edda-4320-bf74-8f9569f619de,11,comparison,beta3,r14922a21,q3_natural,53de1ce3-8104-4979-8b05-f176efe8004d,a829b216-6a6e-42b1-a3b2-07daf399a5e6,c3a,c2,,4,2026-06-06 16:21:53.555+00,2026-06-06 16:09:35.498473+00
a9cdbb93-d922-4035-9b8e-05c171799ad6,82e872a1-89b5-4f7f-b350-af1307739b56,5,comparison,alpha4,r14922009,q1_accent,51d00112-67a1-4ce1-8ed7-b7ac3e5940aa,98d76109-5598-44e3-be74-d8bf33fb0b44,c3b,c2,,5,2026-06-09 08:27:57.582+00,2026-06-09 08:26:29.995065+00
a9dd3ec5-6baa-450c-affe-b159a7ab0268,0ded387d-8c72-4d2c-a014-5fa8879e99dd,8,comparison,gamma4,r14922009,q2_human,9f7a5417-7c2b-4849-825f-05f11c9d91bf,b453159d-841f-43dc-b122-f9b06781df8f,c3b,c3a,,5,2026-06-09 08:30:31.638+00,2026-06-09 08:26:30.619914+00
aaa1746e-133c-4f51-9047-17f78584fb4a,7855ef00-12ad-41df-bb4b-4797baa30224,1,comparison,gamma6,r14525071,q1_accent,89d27ae2-986b-4278-a97b-6411e4ea7058,dfe1686f-6fd3-4e2d-b9c1-1b410f04667a,c3b,c2,,4,2026-06-09 02:32:38.091+00,2026-06-09 02:31:48.515796+00
ab98892b-8a14-44d1-8535-8860fedd965e,0ded387d-8c72-4d2c-a014-5fa8879e99dd,7,attention,,,,,,,,2,2,2026-06-09 08:29:39.698+00,2026-06-09 08:26:30.619914+00
acc3b07b-9b0b-434e-b322-9d9bedf13218,a8948ab3-ebf9-46f7-a9bf-8b696e42e107,6,comparison,gamma3,b11901052,q2_human,7babc447-b7b9-404c-b691-42d59b84d2c7,c1dc422a-442d-44e6-bbc1-33b940d3474b,c3a,c3b,,2,2026-06-09 02:35:33.572+00,2026-06-09 02:34:00.684807+00
ace34bfc-959d-493c-8575-5ff6b583855b,20ae7e60-9719-4c71-bee7-2587417b5b94,12,comparison,beta5,r14525071,q3_natural,a25b9c8b-0fe3-42f6-a6e1-3e555f4337ed,7f57ccc5-3c45-47b0-b5cc-4c7ffb4821a2,c3a,c2,,4,2026-06-08 14:08:12.479+00,2026-06-08 14:04:04.322795+00
ae05bf2a-ec9b-4929-899a-fa78d2c8c7f2,acb43bfa-08f9-437a-8f4e-41ed59a6cfa5,3,comparison,alpha1,b11901052,q1_accent,e2ab3030-5a4a-42a5-a978-a0817da18f76,1dacb912-23f0-4b86-8504-82297e1fbe6d,c3b,c2,,5,2026-06-06 14:34:27.79+00,2026-06-06 14:32:43.887168+00
af55d1e2-acf8-4ef2-907a-de92b2e5fa4e,addd2a14-7704-4197-b885-dca18ad1f7c1,6,comparison,gamma2,r14922a21,q2_human,b7c1f4cb-9330-4d8a-82f3-b83097b469de,a9bf2624-1a8b-4f9b-91d6-073b67283239,c3a,c3b,,3,2026-06-06 13:44:05.427+00,2026-06-06 13:41:26.539166+00
af644ca4-957b-4d1e-9afa-4e527d8ccd3d,90e82832-73d2-4db9-9b5f-a68bd03596ed,6,comparison,beta4,r14922a21,q3_natural,6442424f-7988-4faf-a757-e8712d8ea6d3,7f4fe70a-6960-4aa2-9c95-f5be3e312f31,c3a,c2,,3,2026-06-08 16:11:34.438+00,2026-06-08 16:09:36.733117+00
afaff6f4-4f98-4b4c-8b1f-d7d70f5c9eab,0ded387d-8c72-4d2c-a014-5fa8879e99dd,18,comparison,alpha3,b11901052,q1_accent,c75beb60-8615-488e-ba06-1ac539c461d7,83dd56cb-74e3-4b39-8f65-90bd78c26331,c3b,c2,,5,2026-06-09 09:21:42.633+00,2026-06-09 08:26:30.619914+00
b0e5b4c8-0dce-4e44-9b14-ac84773505ef,90e82832-73d2-4db9-9b5f-a68bd03596ed,11,comparison,gamma6,r12323023,q1_accent,9700465c-4ccd-4e18-9543-ecce858e7d88,ec39dd87-c1ff-4159-b615-4a2f77fe42d2,c2,c3b,,4,2026-06-08 16:12:34.997+00,2026-06-08 16:09:36.733117+00
b1e8171e-e88a-47b1-8584-3c534f58ae86,a8948ab3-ebf9-46f7-a9bf-8b696e42e107,16,comparison,alpha3,r14922a21,q2_human,7d3fecba-b701-4aeb-bbbb-d2a9ad3a10ef,92c4d7e9-a99e-4de3-9ada-601956a0a707,c3b,c3a,,4,2026-06-09 02:37:50.165+00,2026-06-09 02:34:00.684807+00
b273243e-9e7c-4df5-8d00-4a03d9a58bc5,c7ab1571-d185-4de0-a20b-b4c6d2e5d4a8,20,comparison,beta5,r14922009,q3_natural,96d957b2-2b42-42b6-a9f1-dc9a87564014,c67e8afd-e435-4227-9c36-b8f2a226dcb7,c3a,c2,,5,2026-06-08 14:00:53.096+00,2026-06-08 13:56:52.220537+00
b3d04d9e-4ee8-457b-8bb9-f1d22fbab3ee,1ebd96aa-da02-4509-a461-a6acc8ecc5ea,13,attention,,,,,,,,5,5,2026-06-08 14:22:01.161+00,2026-06-08 14:18:28.151627+00
b46e7ba3-e9e0-4946-bdc7-80c23311774e,90e82832-73d2-4db9-9b5f-a68bd03596ed,4,comparison,beta1,r12323023,q1_accent,64ebc9a8-86ba-4bba-b830-c81bb52ada62,ee178b0c-86ca-42a6-9030-268f10900a37,c3b,c2,,5,2026-06-08 16:11:07.276+00,2026-06-08 16:09:36.733117+00
b6fc85e3-a28c-4a26-93a9-54c18571b0ca,90e82832-73d2-4db9-9b5f-a68bd03596ed,10,comparison,alpha6,r14922a21,q3_natural,56e264aa-b0d9-4c3a-a93b-9fb4c83df4bb,53a253a5-1bcd-42d5-bbb2-92e1a02e389e,c3a,c2,,4,2026-06-08 16:12:22.795+00,2026-06-08 16:09:36.733117+00
b7e66b84-d1fa-4574-9f94-d98ea6bd60d2,4d4ee7dc-853f-4c58-be00-84e31665c623,12,comparison,alpha4,r12323023,q1_accent,811ab44c-90b3-4520-8579-d53712effc13,acbe9c10-ccff-493f-aa7c-4b60f2314531,c2,c3b,,4,2026-06-07 06:17:24.957+00,2026-06-07 06:14:17.678242+00
b819c599-9e55-4e0c-b239-a6dbf6d10e37,64bc3b29-edda-4320-bf74-8f9569f619de,3,comparison,alpha1,b09207084,q1_accent,91513f2e-db0a-46c9-8adb-5df8efddaa1a,e9266312-7b44-4dfb-bf19-cf20f0f3796b,c3b,c2,,5,2026-06-06 16:16:02.867+00,2026-06-06 16:09:35.498473+00
b8563936-b5b1-4310-b957-49241f92e559,44b7561a-6152-4679-b691-2a3fd58d3b84,19,comparison,gamma1,b09207084,q1_accent,9b862808-6afd-4359-9c7b-ac1078001400,ae2b456f-ea03-4abe-af5f-dcf067aa8b3e,c3b,c2,,1,2026-06-06 12:44:19.298+00,2026-06-06 12:39:32.125999+00
b8787fd9-f232-4539-b563-3449c6131a9d,82e872a1-89b5-4f7f-b350-af1307739b56,19,comparison,alpha5,b11901052,q3_natural,92003890-d1bb-4518-ab9a-24e07e19696c,b3296841-e16f-4228-95e2-c6432ee513c9,c3a,c2,,2,2026-06-09 08:33:19.529+00,2026-06-09 08:26:29.995065+00
b9502d89-b9f7-4a56-ba83-f01df0149ca2,ebacec3a-3f30-4ac3-9ca3-5d5ddc365ca9,12,comparison,alpha3,r14525071,q2_human,91b511db-5de5-4ff7-b354-05667409956c,fc646123-33e0-4067-8f7b-7fe37a4f2faa,c3b,c3a,,1,2026-06-06 13:33:01.157+00,2026-06-06 13:29:40.587078+00
ba7d3da6-02fc-4883-b897-f2046c6dfa2d,addd2a14-7704-4197-b885-dca18ad1f7c1,12,comparison,beta1,b11901052,q2_human,1dbb486d-3fbb-44dd-a664-c2652330d9f5,5cddeea3-bee8-4fc6-9f37-a98b6a323bb7,c3a,c3b,,3,2026-06-06 13:45:47.971+00,2026-06-06 13:41:26.539166+00
ba8016af-6921-4e22-b8d3-38cc639e60b4,90e82832-73d2-4db9-9b5f-a68bd03596ed,2,comparison,alpha2,r14922009,q2_human,bbac1fc3-600a-4f1c-b040-4e82d1e97710,ed2febe0-4c43-40f9-99e2-21683c664f01,c3b,c3a,,1,2026-06-08 16:10:34.114+00,2026-06-08 16:09:36.733117+00
baba7667-8ee8-4a75-b7d5-d1d0370d4514,addd2a14-7704-4197-b885-dca18ad1f7c1,9,attention,,,,,,,,2,2,2026-06-06 13:44:49.67+00,2026-06-06 13:41:26.539166+00
bb20c38b-62e9-4d1f-8cb5-636c68fd1a00,4d4ee7dc-853f-4c58-be00-84e31665c623,13,comparison,gamma2,b11901052,q3_natural,f1b30c52-e6d6-4e1a-97ea-8bd2ec638e8a,90b374e2-0729-433a-95db-0366193f265b,c2,c3a,,1,2026-06-07 06:17:31.46+00,2026-06-07 06:14:17.678242+00
bc41f435-0882-4247-8c1a-4abded1ae7ec,ebacec3a-3f30-4ac3-9ca3-5d5ddc365ca9,9,comparison,alpha6,r12323023,q2_human,96300335-e8c6-4642-94b7-191955751281,f155e168-05a1-4772-803d-fba94fa2f822,c3a,c3b,,4,2026-06-06 13:32:19.539+00,2026-06-06 13:29:40.587078+00
be184548-0ed3-45fe-afc8-e6a366eeeaba,a8948ab3-ebf9-46f7-a9bf-8b696e42e107,20,comparison,alpha3,r14922a21,q1_accent,fe7e25a1-58cd-4d88-8793-f0debdf8431d,7d3fecba-b701-4aeb-bbbb-d2a9ad3a10ef,c2,c3b,,2,2026-06-09 02:38:54.858+00,2026-06-09 02:34:00.684807+00
bf506f6b-2735-403b-bba1-9d1acb652adb,90e82832-73d2-4db9-9b5f-a68bd03596ed,12,comparison,beta4,r14922a21,q1_accent,7f4fe70a-6960-4aa2-9c95-f5be3e312f31,4dced2fa-7fe1-4a6e-ada7-8b92c781320e,c2,c3b,,1,2026-06-08 16:12:44.8+00,2026-06-08 16:09:36.733117+00
bf80362c-1751-4f17-8674-d741c598e693,4d4ee7dc-853f-4c58-be00-84e31665c623,9,comparison,beta1,r14922009,q3_natural,b605376a-3ca8-475f-9ee7-ab19d4d223b3,5f10101a-bc35-4251-9700-988868e6c31e,c2,c3a,,2,2026-06-07 06:16:57.422+00,2026-06-07 06:14:17.678242+00
c004a7f3-27f5-491c-8528-3e1a6a093f03,addd2a14-7704-4197-b885-dca18ad1f7c1,4,comparison,beta1,b11901052,q3_natural,1dbb486d-3fbb-44dd-a664-c2652330d9f5,f4f2bc2d-e24c-458b-8266-a638006944a4,c3a,c2,,3,2026-06-06 13:43:13.943+00,2026-06-06 13:41:26.539166+00
c0174e58-f48f-453c-bb1e-f49b20a6fe6a,ebacec3a-3f30-4ac3-9ca3-5d5ddc365ca9,13,attention,,,,,,,,5,5,2026-06-06 13:33:04.319+00,2026-06-06 13:29:40.587078+00
c10b09d1-0a10-4e68-8284-bebd1dc0cac0,ebacec3a-3f30-4ac3-9ca3-5d5ddc365ca9,7,comparison,gamma3,r12323023,q1_accent,9fe401cb-14b4-407b-a827-f63c7afb1ac0,389126a9-befd-4eb0-82c6-fe37ab5ae019,c3b,c2,,4,2026-06-06 13:31:50.67+00,2026-06-06 13:29:40.587078+00
c1500e0b-63a1-409b-ad97-0fe00e8a4ccd,20ae7e60-9719-4c71-bee7-2587417b5b94,7,comparison,alpha3,r14525071,q3_natural,fc646123-33e0-4067-8f7b-7fe37a4f2faa,4a59ee3d-6c02-4e1a-b6cc-d4076ae0cfbb,c3a,c2,,4,2026-06-08 14:07:05.954+00,2026-06-08 14:04:04.322795+00
c158586b-edd2-493f-a8c1-d2fcea9daba5,72bc7c87-9ac0-4910-bfbc-92b6d6d7594c,6,attention,,,,,,,,2,2,2026-06-07 08:42:05.286+00,2026-06-07 08:38:25.567465+00
c1945deb-5826-4b95-8231-818ddb8c1dcc,64bc3b29-edda-4320-bf74-8f9569f619de,9,comparison,alpha1,b09207084,q2_human,54cb896f-152e-4dcc-a5ff-a64facd5447a,91513f2e-db0a-46c9-8adb-5df8efddaa1a,c3a,c3b,,5,2026-06-06 16:20:55.037+00,2026-06-06 16:09:35.498473+00
c1d6333c-2f85-44d7-bf0f-685b321a1e9e,72bc7c87-9ac0-4910-bfbc-92b6d6d7594c,17,comparison,alpha6,b11901052,q2_human,87c72cdf-0c5a-4cb8-9235-bdc3fa61916c,51243406-507a-43a6-8cdb-bf95aee2a646,c3a,c3b,,4,2026-06-07 08:47:47.539+00,2026-06-07 08:38:25.567465+00
c20acf1b-f5d5-4c6f-9f2a-0028f3e0aca7,44b7561a-6152-4679-b691-2a3fd58d3b84,18,comparison,alpha6,r12323023,q3_natural,96300335-e8c6-4642-94b7-191955751281,b5bb3d37-fbee-4c6b-b242-3890b00cdaca,c3a,c2,,3,2026-06-06 12:44:08.109+00,2026-06-06 12:39:32.125999+00
c37385a6-538f-4df6-b20d-f624b791614e,1ebd96aa-da02-4509-a461-a6acc8ecc5ea,14,comparison,alpha2,r14922a21,q2_human,618a6c5a-9e73-48d3-b475-8d50278bd5f4,4a6e2747-ff6e-45d3-8fbc-cfd640ee4f41,c3a,c3b,,3,2026-06-08 14:22:18.301+00,2026-06-08 14:18:28.151627+00
c4b0dd07-4da9-4c23-9433-54351359bd46,a8948ab3-ebf9-46f7-a9bf-8b696e42e107,1,comparison,alpha2,r14525071,q2_human,bd77a893-9797-4f1e-b053-65e0a015ff85,a71c8e4a-37ef-4a2a-8811-1563a9e28b27,c3b,c3a,,3,2026-06-09 02:34:20.478+00,2026-06-09 02:34:00.684807+00
c671836a-6128-4e25-b005-2c83910729d9,82e872a1-89b5-4f7f-b350-af1307739b56,2,comparison,alpha5,b11901052,q1_accent,06788064-6d1c-459a-9d3a-d64762594f9c,b3296841-e16f-4228-95e2-c6432ee513c9,c3b,c2,,1,2026-06-09 08:26:59.477+00,2026-06-09 08:26:29.995065+00
c792d9de-5a7d-44a7-813f-fdc591831352,90e82832-73d2-4db9-9b5f-a68bd03596ed,18,comparison,alpha2,r14922009,q1_accent,bbac1fc3-600a-4f1c-b040-4e82d1e97710,d15329dc-449e-4ae7-8637-16ff50d4d1c6,c3b,c2,,5,2026-06-08 16:13:53.047+00,2026-06-08 16:09:36.733117+00
c7abd4de-9054-46b9-a2cb-601a83e591b7,acb43bfa-08f9-437a-8f4e-41ed59a6cfa5,8,comparison,alpha1,b11901052,q3_natural,1dacb912-23f0-4b86-8504-82297e1fbe6d,6cc29ee8-dd00-4ba6-9930-8ee5e48506d5,c2,c3a,,2,2026-06-06 14:36:18.767+00,2026-06-06 14:32:43.887168+00
c8284e6d-bef7-4fb4-a6c8-91eb837eef4b,7855ef00-12ad-41df-bb4b-4797baa30224,9,attention,,,,,,,,2,2,2026-06-09 02:37:26.004+00,2026-06-09 02:31:48.515796+00
c85aa588-bccb-41ca-925f-e7b3358b558b,e4cbc61d-dde6-4321-b22a-6a3b224e7686,2,comparison,gamma4,b09207084,q3_natural,360b138a-cdc7-4cad-83ca-eb83cba53761,f08be126-e72e-4db5-8594-a126eb1aac89,c3a,c2,,4,2026-06-07 16:49:55.818+00,2026-06-07 16:48:34.012844+00
ca5aee76-5f0b-404e-b8c8-3ba1258bbf15,82e872a1-89b5-4f7f-b350-af1307739b56,9,comparison,gamma3,r14922009,q3_natural,bf24d6d4-2a39-4b58-8e36-542d923b81f9,01e59447-fb7f-42ab-8672-64343f155144,c2,c3a,,4,2026-06-09 08:29:12.114+00,2026-06-09 08:26:29.995065+00
ca8436fd-7a0b-4aba-a0b8-edc52e4b56bf,a8948ab3-ebf9-46f7-a9bf-8b696e42e107,7,comparison,beta5,r14525071,q2_human,a78a2d5f-33f2-4802-9217-cf10d54c7e8d,a25b9c8b-0fe3-42f6-a6e1-3e555f4337ed,c3b,c3a,,4,2026-06-09 02:35:46.555+00,2026-06-09 02:34:00.684807+00
cccca889-fa04-4354-abff-c3834494a5ea,82e872a1-89b5-4f7f-b350-af1307739b56,8,comparison,alpha5,b11901052,q2_human,92003890-d1bb-4518-ab9a-24e07e19696c,06788064-6d1c-459a-9d3a-d64762594f9c,c3a,c3b,,4,2026-06-09 08:28:44.326+00,2026-06-09 08:26:29.995065+00
cd293138-c6e2-471d-8adc-d73fdc8e8b4e,1ebd96aa-da02-4509-a461-a6acc8ecc5ea,10,comparison,beta2,r14922009,q1_accent,665b8049-66cf-4a61-bde5-965cc11d4c47,bccf325f-c9c0-4ce9-b468-c348b61da6cf,c3b,c2,,5,2026-06-08 14:21:31.843+00,2026-06-08 14:18:28.151627+00
cd75b5d9-6e2b-426d-b068-91b44cc5baba,ebacec3a-3f30-4ac3-9ca3-5d5ddc365ca9,16,comparison,beta3,b09207084,q1_accent,9cf83e3b-93b8-4942-9afc-2594bd40d876,f9ea7a46-fa3d-47a7-80fe-f88bbc6f50eb,c2,c3b,,1,2026-06-06 13:33:40.34+00,2026-06-06 13:29:40.587078+00
cdfef408-8530-4db8-a2a0-857d1941e492,82e872a1-89b5-4f7f-b350-af1307739b56,15,comparison,gamma3,r14922009,q1_accent,4ab1f8a0-d110-4567-8bab-d4434bd2e401,bf24d6d4-2a39-4b58-8e36-542d923b81f9,c3b,c2,,5,2026-06-09 08:32:05.383+00,2026-06-09 08:26:29.995065+00
cf4ef15f-848e-4816-aafa-d2fdb83656d5,e4cbc61d-dde6-4321-b22a-6a3b224e7686,12,comparison,gamma4,b09207084,q1_accent,5c3b555d-d281-4ea4-83bb-9526c507574b,f08be126-e72e-4db5-8594-a126eb1aac89,c3b,c2,,5,2026-06-07 16:53:11.888+00,2026-06-07 16:48:34.012844+00
d171fc1e-0e96-4339-9952-fbc7d5016963,20ae7e60-9719-4c71-bee7-2587417b5b94,15,attention,,,,,,,,5,5,2026-06-08 14:08:46.449+00,2026-06-08 14:04:04.322795+00
d1b6adfd-f05a-46a8-b337-0d3c929449a1,4d4ee7dc-853f-4c58-be00-84e31665c623,18,comparison,alpha2,r12323023,q2_human,8a6babc2-eb63-43d5-9eda-f24bd9ab850b,5d0077b8-5fbd-4aaa-85a4-d9fe61556d4c,c3b,c3a,,3,2026-06-07 06:18:30.043+00,2026-06-07 06:14:17.678242+00
d2f7d898-fc16-4bc7-b03a-c4eba4ecd878,64bc3b29-edda-4320-bf74-8f9569f619de,16,comparison,beta3,r14922a21,q1_accent,a829b216-6a6e-42b1-a3b2-07daf399a5e6,7281e0e3-c6d2-4f87-8b86-855b6b6eef0a,c2,c3b,,1,2026-06-06 16:27:20.829+00,2026-06-06 16:09:35.498473+00
d3a32694-ba95-427f-8523-00d48b3e5ee9,acb43bfa-08f9-437a-8f4e-41ed59a6cfa5,9,comparison,beta5,r14525071,q3_natural,7f57ccc5-3c45-47b0-b5cc-4c7ffb4821a2,a25b9c8b-0fe3-42f6-a6e1-3e555f4337ed,c2,c3a,,1,2026-06-06 14:37:08.374+00,2026-06-06 14:32:43.887168+00
d3c63445-8282-4e43-a17d-dfd5c3a7d3f7,e4cbc61d-dde6-4321-b22a-6a3b224e7686,13,comparison,gamma6,r14922a21,q1_accent,ed008842-cac2-42e6-8c77-1ec006f8efd7,9cce0f89-ede7-4785-a7a5-174e1e508611,c2,c3b,,4,2026-06-07 16:53:28.759+00,2026-06-07 16:48:34.012844+00
d46e1adc-dcf2-4ea8-95ee-03fc44b997ad,20ae7e60-9719-4c71-bee7-2587417b5b94,17,comparison,gamma2,b11901052,q1_accent,fbc20be7-a381-4a0b-95fb-2b1a5deed526,f1b30c52-e6d6-4e1a-97ea-8bd2ec638e8a,c3b,c2,,4,2026-06-08 14:09:10.295+00,2026-06-08 14:04:04.322795+00
d4dcef78-85de-44fe-905e-4bcd117a26f5,addd2a14-7704-4197-b885-dca18ad1f7c1,20,comparison,gamma3,r14922a21,q2_human,2774e4c1-3514-4e12-a1e4-0875ddd33b56,82309559-b270-41b3-8804-07931878d916,c3b,c3a,,5,2026-06-06 13:48:12.697+00,2026-06-06 13:41:26.539166+00
d63b51d2-771a-4fa4-bc64-ab9a8fbc39df,acb43bfa-08f9-437a-8f4e-41ed59a6cfa5,17,comparison,gamma1,r12323023,q3_natural,ad3ad239-cc1e-4d42-924a-60f47206d1aa,239c6ef5-3a2f-4795-ba3f-bfc33c001ead,c3a,c2,,1,2026-06-06 14:40:03.792+00,2026-06-06 14:32:43.887168+00
d6d29708-00ea-48b5-813a-8bfb80af83c8,7855ef00-12ad-41df-bb4b-4797baa30224,18,comparison,beta5,b11901052,q1_accent,002d9b56-f20f-4fa5-86c1-ec6824086569,b9c7267e-0407-4fb6-9f5c-7316a675a904,c2,c3b,,1,2026-06-09 02:40:03.533+00,2026-06-09 02:31:48.515796+00
d714044a-9696-4228-ad61-8ed793875214,90e82832-73d2-4db9-9b5f-a68bd03596ed,8,comparison,beta1,r12323023,q2_human,d09a2517-e49e-401c-8ab9-5ccc0483f51d,64ebc9a8-86ba-4bba-b830-c81bb52ada62,c3a,c3b,,2,2026-06-08 16:12:06.653+00,2026-06-08 16:09:36.733117+00
d7fb2af6-cf90-4e0c-a1f0-be7c7f316f27,7855ef00-12ad-41df-bb4b-4797baa30224,5,comparison,beta5,b11901052,q3_natural,002d9b56-f20f-4fa5-86c1-ec6824086569,9b07476a-ee9b-4898-aac1-f94e66ea9ba8,c2,c3a,,1,2026-06-09 02:34:54.186+00,2026-06-09 02:31:48.515796+00
d824b0af-db60-48e3-b79c-5df044108c8d,90e82832-73d2-4db9-9b5f-a68bd03596ed,19,comparison,gamma6,r12323023,q3_natural,9700465c-4ccd-4e18-9543-ecce858e7d88,6effa839-9e2a-4689-931f-7b98ff0de68d,c2,c3a,,4,2026-06-08 16:14:04.629+00,2026-06-08 16:09:36.733117+00
d8687dc7-b79f-4488-8e81-37d5c2b5ca64,20ae7e60-9719-4c71-bee7-2587417b5b94,1,comparison,alpha4,r14922a21,q3_natural,5445a377-412e-43b2-b1a2-dc230f6a04fc,f857950f-8b95-4890-89da-f0788e0ebaaf,c2,c3a,,4,2026-06-08 14:05:01.273+00,2026-06-08 14:04:04.322795+00
d8fc9308-680a-44b7-8927-ed384af4bd00,64bc3b29-edda-4320-bf74-8f9569f619de,10,comparison,alpha1,b09207084,q3_natural,e9266312-7b44-4dfb-bf19-cf20f0f3796b,54cb896f-152e-4dcc-a5ff-a64facd5447a,c2,c3a,,4,2026-06-06 16:21:33.341+00,2026-06-06 16:09:35.498473+00
d8fefbb9-ec12-4e16-a3f0-cda8204cefe6,72bc7c87-9ac0-4910-bfbc-92b6d6d7594c,15,comparison,alpha1,r14922a21,q1_accent,60cde02b-0807-4275-b157-4ae66da5291a,cd92a115-7900-4c1a-a584-4e489ff9bd5d,c2,c3b,,3,2026-06-07 08:47:00.222+00,2026-06-07 08:38:25.567465+00
d91f74b2-3828-474d-9d99-dbfa398a9dcd,e4cbc61d-dde6-4321-b22a-6a3b224e7686,17,comparison,alpha6,b09207084,q2_human,f8b3c206-e2dd-4fb1-876a-7496afb9c6d5,8feb7ae1-4b3a-470b-8419-9bfb162a1c72,c3a,c3b,,3,2026-06-07 16:54:27.829+00,2026-06-07 16:48:34.012844+00
dc3ea49a-a24a-43e3-bc28-dbe84c21fd2d,0ded387d-8c72-4d2c-a014-5fa8879e99dd,14,comparison,alpha3,b11901052,q2_human,c75beb60-8615-488e-ba06-1ac539c461d7,84bc2f6f-6895-4327-92cf-21a4517b5aba,c3b,c3a,,2,2026-06-09 08:32:14.079+00,2026-06-09 08:26:30.619914+00
dc46a19a-32c3-4282-9122-c3fd859938eb,a8948ab3-ebf9-46f7-a9bf-8b696e42e107,15,attention,,,,,,,,5,5,2026-06-09 02:37:18.618+00,2026-06-09 02:34:00.684807+00
dcbd18f4-54db-4c8e-8063-8cd19e40ad04,64bc3b29-edda-4320-bf74-8f9569f619de,19,comparison,beta1,r14922009,q1_accent,c1856831-9688-406e-97a7-f99199a42dd7,b605376a-3ca8-475f-9ee7-ab19d4d223b3,c3b,c2,,4,2026-06-06 16:27:56.726+00,2026-06-06 16:09:35.498473+00
dcf3f66d-a8b4-46aa-b223-216397323bc0,7855ef00-12ad-41df-bb4b-4797baa30224,17,comparison,alpha3,b09207084,q3_natural,d8339bc0-e59f-45f8-b096-d7debde979ad,74f5fe32-77a2-4ad4-8256-a3555edb8f63,c2,c3a,,2,2026-06-09 02:39:50.099+00,2026-06-09 02:31:48.515796+00
ddb454f4-4a6f-4260-be90-1a27a084face,1ebd96aa-da02-4509-a461-a6acc8ecc5ea,2,comparison,beta3,r14525071,q1_accent,64c35d9f-9737-4af9-a7ce-fbdd3bcd5bc9,6f41fa5e-21a9-4919-bad6-17eddc5d4931,c3b,c2,,5,2026-06-08 14:19:22.287+00,2026-06-08 14:18:28.151627+00
ddc28846-a07d-44b3-a10d-391236d31d8e,1ebd96aa-da02-4509-a461-a6acc8ecc5ea,16,comparison,beta3,r14525071,q3_natural,7e911251-b77f-42c7-9790-b6d3d159cd1a,6f41fa5e-21a9-4919-bad6-17eddc5d4931,c3a,c2,,4,2026-06-08 14:23:00.257+00,2026-06-08 14:18:28.151627+00
de7a4383-d231-4f60-843e-537ef22363be,a8948ab3-ebf9-46f7-a9bf-8b696e42e107,14,comparison,alpha2,r14525071,q1_accent,65a0d47f-f783-4fac-96d6-e583f3caf5fa,bd77a893-9797-4f1e-b053-65e0a015ff85,c2,c3b,,1,2026-06-09 02:37:15.068+00,2026-06-09 02:34:00.684807+00
dea0cc44-0013-4858-9111-7c5eebb59d09,20ae7e60-9719-4c71-bee7-2587417b5b94,20,comparison,alpha4,r14922a21,q2_human,996d5c6f-cecd-4551-ab8c-9d40aa4ae046,f857950f-8b95-4890-89da-f0788e0ebaaf,c3b,c3a,,4,2026-06-08 14:09:58.403+00,2026-06-08 14:04:04.322795+00
df575a89-032c-44ab-a459-db524da7e99d,ebacec3a-3f30-4ac3-9ca3-5d5ddc365ca9,3,comparison,gamma4,r14525071,q1_accent,904b15ee-a175-4f22-9e69-f69707e6eda0,a9879424-e129-4428-b98d-a4ded13c5f37,c2,c3b,,1,2026-06-06 13:30:46.098+00,2026-06-06 13:29:40.587078+00
dfa1a1d0-70d1-4df9-9cc2-f777f01530f3,acb43bfa-08f9-437a-8f4e-41ed59a6cfa5,19,comparison,beta5,r14525071,q1_accent,a78a2d5f-33f2-4802-9217-cf10d54c7e8d,7f57ccc5-3c45-47b0-b5cc-4c7ffb4821a2,c3b,c2,,5,2026-06-06 14:41:07.324+00,2026-06-06 14:32:43.887168+00
e0449cb5-854c-4801-a270-efeafa3c63b1,a8948ab3-ebf9-46f7-a9bf-8b696e42e107,13,comparison,gamma3,b11901052,q1_accent,c1dc422a-442d-44e6-bbc1-33b940d3474b,80792ed4-9217-4c19-9679-8cd43e361f35,c3b,c2,,5,2026-06-09 02:37:03.05+00,2026-06-09 02:34:00.684807+00
e07fa2f0-54ee-4593-8e1e-44ad4ab80afa,0ded387d-8c72-4d2c-a014-5fa8879e99dd,6,comparison,gamma2,r12323023,q1_accent,ce6916fa-6065-4108-a1ba-7ef22a6182ff,fc07702c-dbfd-4c47-ab12-25ec827eb8c3,c2,c3b,,2,2026-06-09 08:29:20.995+00,2026-06-09 08:26:30.619914+00
e09777eb-f4a5-456e-8c77-a75966c661d8,20ae7e60-9719-4c71-bee7-2587417b5b94,13,comparison,beta5,r14525071,q1_accent,7f57ccc5-3c45-47b0-b5cc-4c7ffb4821a2,a78a2d5f-33f2-4802-9217-cf10d54c7e8d,c2,c3b,,1,2026-06-08 14:08:22.987+00,2026-06-08 14:04:04.322795+00
e19efcf8-a389-46c3-aed2-5e0eae79111f,addd2a14-7704-4197-b885-dca18ad1f7c1,2,comparison,alpha2,b11901052,q3_natural,e251382d-b389-4595-a4dc-16b0cde5dbcb,794dbd30-87ba-429c-8335-2fe07b266986,c3a,c2,,4,2026-06-06 13:42:21.887+00,2026-06-06 13:41:26.539166+00
e1ed83e5-a418-4953-939e-6070284a5b1b,addd2a14-7704-4197-b885-dca18ad1f7c1,8,comparison,beta2,r14922009,q1_accent,bccf325f-c9c0-4ce9-b468-c348b61da6cf,665b8049-66cf-4a61-bde5-965cc11d4c47,c2,c3b,,1,2026-06-06 13:44:42.125+00,2026-06-06 13:41:26.539166+00
e1f938b3-5d98-4b9f-9a3d-16bcfc7a5837,72bc7c87-9ac0-4910-bfbc-92b6d6d7594c,5,comparison,gamma3,b09207084,q1_accent,ff860f5f-f210-45ac-b148-2ac6cf8fe7e8,b637b4e2-81ca-4ec0-bfb1-29bb2e6d4d16,c3b,c2,,2,2026-06-07 08:41:55.559+00,2026-06-07 08:38:25.567465+00
e20745d5-0ad8-4e09-b490-3b02637fe602,1848f42a-c01c-422c-9c19-32e270df7e73,7,comparison,beta3,b09207084,q3_natural,9cf83e3b-93b8-4942-9afc-2594bd40d876,8cde957d-6ebc-452a-a4f4-de45ad42618e,c2,c3a,,1,2026-06-06 17:12:32.529+00,2026-06-06 17:09:21.575198+00
e261e00e-df22-42f9-a74f-2fe00ee34ba5,4d4ee7dc-853f-4c58-be00-84e31665c623,16,comparison,beta1,r14922009,q2_human,c1856831-9688-406e-97a7-f99199a42dd7,5f10101a-bc35-4251-9700-988868e6c31e,c3b,c3a,,2,2026-06-07 06:18:02.12+00,2026-06-07 06:14:17.678242+00
e3327d27-541d-4b9f-9e23-8ab4826f3e0d,e4cbc61d-dde6-4321-b22a-6a3b224e7686,5,comparison,beta4,r14922a21,q1_accent,4dced2fa-7fe1-4a6e-ada7-8b92c781320e,7f4fe70a-6960-4aa2-9c95-f5be3e312f31,c3b,c2,,5,2026-06-07 16:51:08.555+00,2026-06-07 16:48:34.012844+00
e3412d35-1e6f-41af-b177-17ae78c91a05,44b7561a-6152-4679-b691-2a3fd58d3b84,4,comparison,beta4,r14525071,q1_accent,d56f679d-19ff-486f-b9e2-96d6f96c03c8,6424bd79-ce29-45c7-a8c3-3b6fbb03e92c,c3b,c2,,5,2026-06-06 12:41:07.421+00,2026-06-06 12:39:32.125999+00
e34dfa5b-130e-4ef0-a670-2f16c06305c7,20ae7e60-9719-4c71-bee7-2587417b5b94,16,comparison,gamma6,r12323023,q3_natural,6effa839-9e2a-4689-931f-7b98ff0de68d,9700465c-4ccd-4e18-9543-ecce858e7d88,c3a,c2,,4,2026-06-08 14:08:56.705+00,2026-06-08 14:04:04.322795+00
e4255832-e8e8-4b71-a34f-a05fc138b287,0ded387d-8c72-4d2c-a014-5fa8879e99dd,12,comparison,beta2,b11901052,q3_natural,def342a0-c126-4ab0-be17-93111b44aa2a,933295f0-0557-4e3c-af9c-ec29281c964d,c2,c3a,,1,2026-06-09 08:31:40.139+00,2026-06-09 08:26:30.619914+00
e448bd21-c749-425d-8ba9-221540e1a802,c7ab1571-d185-4de0-a20b-b4c6d2e5d4a8,19,comparison,alpha3,b11901052,q1_accent,83dd56cb-74e3-4b39-8f65-90bd78c26331,c75beb60-8615-488e-ba06-1ac539c461d7,c2,c3b,,1,2026-06-08 14:00:44.798+00,2026-06-08 13:56:52.220537+00
e4fe5fa0-5cc5-4bbc-9a06-690523cba3f3,4d4ee7dc-853f-4c58-be00-84e31665c623,11,comparison,gamma6,r14922a21,q1_accent,ed008842-cac2-42e6-8c77-1ec006f8efd7,9cce0f89-ede7-4785-a7a5-174e1e508611,c2,c3b,,1,2026-06-07 06:17:17.719+00,2026-06-07 06:14:17.678242+00
e6fc88fd-96d1-4a17-a4db-b951ea3c30e2,addd2a14-7704-4197-b885-dca18ad1f7c1,17,comparison,beta1,b11901052,q1_accent,f4f2bc2d-e24c-458b-8266-a638006944a4,5cddeea3-bee8-4fc6-9f37-a98b6a323bb7,c2,c3b,,1,2026-06-06 13:47:12.702+00,2026-06-06 13:41:26.539166+00
e7d366a0-dd77-49a8-80bf-917b5b4d0534,ebacec3a-3f30-4ac3-9ca3-5d5ddc365ca9,10,comparison,beta4,b09207084,q1_accent,c334d4c4-b68d-4001-85ab-161ee5cbd281,685c27a3-9582-4592-9cd5-19a5b89c464a,c2,c3b,,1,2026-06-06 13:32:30.206+00,2026-06-06 13:29:40.587078+00
e9d6d624-c78e-490e-950c-17e023ec6a41,0ded387d-8c72-4d2c-a014-5fa8879e99dd,16,comparison,gamma4,r14922009,q3_natural,66df8160-4398-4d88-adab-3584e4cb903d,b453159d-841f-43dc-b122-f9b06781df8f,c2,c3a,,1,2026-06-09 08:36:14.391+00,2026-06-09 08:26:30.619914+00
ec0aa182-bdb9-460e-895c-bbb4df3d4312,82e872a1-89b5-4f7f-b350-af1307739b56,17,comparison,gamma6,r12323023,q2_human,6effa839-9e2a-4689-931f-7b98ff0de68d,ec39dd87-c1ff-4159-b615-4a2f77fe42d2,c3a,c3b,,2,2026-06-09 08:32:40.71+00,2026-06-09 08:26:29.995065+00
ecbdbca9-c842-4c5e-bdef-34a9fb14d020,ebacec3a-3f30-4ac3-9ca3-5d5ddc365ca9,5,comparison,beta3,b09207084,q2_human,8cde957d-6ebc-452a-a4f4-de45ad42618e,f9ea7a46-fa3d-47a7-80fe-f88bbc6f50eb,c3a,c3b,,2,2026-06-06 13:31:32.587+00,2026-06-06 13:29:40.587078+00
ecc5667b-bc76-45e7-b963-8ca0a831012c,e4cbc61d-dde6-4321-b22a-6a3b224e7686,10,comparison,alpha6,b09207084,q3_natural,5bbc3eb9-af36-43e9-8129-72a1e13ca456,f8b3c206-e2dd-4fb1-876a-7496afb9c6d5,c2,c3a,,5,2026-06-07 16:52:39.185+00,2026-06-07 16:48:34.012844+00
ed779d71-089f-4a2a-8869-6a91a0bca84e,ebacec3a-3f30-4ac3-9ca3-5d5ddc365ca9,6,attention,,,,,,,,2,2,2026-06-06 13:31:36.825+00,2026-06-06 13:29:40.587078+00
ede532bd-1685-4a67-8e58-100a98e4fdad,64bc3b29-edda-4320-bf74-8f9569f619de,15,comparison,gamma2,b09207084,q3_natural,8a0dbd8e-3190-42ce-8778-62a08dc93dee,a8b79a1d-5faf-4518-953a-51bbe66c51dd,c3a,c2,,1,2026-06-06 16:27:07.445+00,2026-06-06 16:09:35.498473+00
ee232bf3-1c5e-43f6-b724-13ba6bbd75a9,acb43bfa-08f9-437a-8f4e-41ed59a6cfa5,10,comparison,beta5,r14525071,q2_human,a25b9c8b-0fe3-42f6-a6e1-3e555f4337ed,a78a2d5f-33f2-4802-9217-cf10d54c7e8d,c3a,c3b,,5,2026-06-06 14:37:45.91+00,2026-06-06 14:32:43.887168+00
ee301f4a-9a49-4948-8ced-413c4bea37c4,ebacec3a-3f30-4ac3-9ca3-5d5ddc365ca9,11,comparison,gamma4,r14525071,q2_human,a9879424-e129-4428-b98d-a4ded13c5f37,9dcfc685-28df-44f9-a84e-60f696870682,c3b,c3a,,1,2026-06-06 13:32:43.755+00,2026-06-06 13:29:40.587078+00
ee43ab19-cb82-4a16-b7d6-2efad959ad83,c7ab1571-d185-4de0-a20b-b4c6d2e5d4a8,7,attention,,,,,,,,2,2,2026-06-08 13:58:42.351+00,2026-06-08 13:56:52.220537+00
eec6eeb0-a60e-4953-a722-843ee822a5e6,0ded387d-8c72-4d2c-a014-5fa8879e99dd,20,comparison,beta3,r12323023,q3_natural,b85e8e9f-a00a-499e-96dd-8293e2e91e9e,d904bb4c-1dd2-417f-9459-6e049b6719f6,c2,c3a,,1,2026-06-09 09:22:14.552+00,2026-06-09 08:26:30.619914+00
ef0807cc-0906-4909-acc6-722b9a0a1be9,0ded387d-8c72-4d2c-a014-5fa8879e99dd,9,comparison,alpha3,b11901052,q3_natural,83dd56cb-74e3-4b39-8f65-90bd78c26331,84bc2f6f-6895-4327-92cf-21a4517b5aba,c2,c3a,,1,2026-06-09 08:30:46.28+00,2026-06-09 08:26:30.619914+00
f1a6b7f2-ed48-4550-9a5c-33f41e1fc0d9,addd2a14-7704-4197-b885-dca18ad1f7c1,7,comparison,alpha2,b11901052,q2_human,b900a4e8-1b2c-4a6f-b65f-8c2f4395d9b5,e251382d-b389-4595-a4dc-16b0cde5dbcb,c3b,c3a,,2,2026-06-06 13:44:25.192+00,2026-06-06 13:41:26.539166+00
f3394241-1f06-4327-8ba4-5a5cb439095e,e4cbc61d-dde6-4321-b22a-6a3b224e7686,6,comparison,gamma6,r14922a21,q3_natural,674031c1-f81b-41af-8c16-82e82b1ff8a9,ed008842-cac2-42e6-8c77-1ec006f8efd7,c3a,c2,,1,2026-06-07 16:51:32.403+00,2026-06-07 16:48:34.012844+00
f3b633c2-0b86-455f-a2f8-34d992030b72,64bc3b29-edda-4320-bf74-8f9569f619de,14,comparison,gamma6,r12323023,q2_human,ec39dd87-c1ff-4159-b615-4a2f77fe42d2,6effa839-9e2a-4689-931f-7b98ff0de68d,c3b,c3a,,1,2026-06-06 16:26:53.478+00,2026-06-06 16:09:35.498473+00
f40cd9b4-5c31-47ae-be4f-c981fb9580e5,0ded387d-8c72-4d2c-a014-5fa8879e99dd,10,comparison,alpha6,b09207084,q3_natural,5bbc3eb9-af36-43e9-8129-72a1e13ca456,f8b3c206-e2dd-4fb1-876a-7496afb9c6d5,c2,c3a,,1,2026-06-09 08:30:59.011+00,2026-06-09 08:26:30.619914+00
f69fbe33-4c1e-4642-85c0-12edd14cf510,82e872a1-89b5-4f7f-b350-af1307739b56,12,comparison,beta4,r14525071,q3_natural,ed9e26de-2a4c-4729-96c2-33923f2b089b,6424bd79-ce29-45c7-a8c3-3b6fbb03e92c,c3a,c2,,2,2026-06-09 08:30:49.066+00,2026-06-09 08:26:29.995065+00
f6c57348-9d72-4604-9ba7-184d8db59085,72bc7c87-9ac0-4910-bfbc-92b6d6d7594c,13,comparison,alpha1,r14922a21,q2_human,d47e1c05-89da-4f26-acd1-52ce81bfdb4e,cd92a115-7900-4c1a-a584-4e489ff9bd5d,c3a,c3b,,2,2026-06-07 08:46:32.55+00,2026-06-07 08:38:25.567465+00
f70b56e8-66d8-4780-bf34-91f2d2727e7d,ebacec3a-3f30-4ac3-9ca3-5d5ddc365ca9,15,comparison,gamma3,r12323023,q3_natural,389126a9-befd-4eb0-82c6-fe37ab5ae019,6423717c-0df8-41ca-bd9a-c766e3b01ed7,c2,c3a,,4,2026-06-06 13:33:26.324+00,2026-06-06 13:29:40.587078+00
f7d9f29d-a442-4ffd-a87c-cfc8f5e25e64,82e872a1-89b5-4f7f-b350-af1307739b56,16,comparison,gamma3,r14922009,q2_human,01e59447-fb7f-42ab-8672-64343f155144,4ab1f8a0-d110-4567-8bab-d4434bd2e401,c3a,c3b,,1,2026-06-09 08:32:25.301+00,2026-06-09 08:26:29.995065+00
f8704ce3-e7aa-48b1-b454-9afdcad4ce1b,0ded387d-8c72-4d2c-a014-5fa8879e99dd,2,comparison,beta2,b11901052,q1_accent,a72a894c-bbac-441d-9f34-f5af7bbf125c,def342a0-c126-4ab0-be17-93111b44aa2a,c3b,c2,,5,2026-06-09 08:27:27.902+00,2026-06-09 08:26:30.619914+00
fad6c7ba-9005-44ca-902a-f3c5f9a8c27b,0ded387d-8c72-4d2c-a014-5fa8879e99dd,4,comparison,gamma4,r14922009,q1_accent,9f7a5417-7c2b-4849-825f-05f11c9d91bf,66df8160-4398-4d88-adab-3584e4cb903d,c3b,c2,,5,2026-06-09 08:28:13.288+00,2026-06-09 08:26:30.619914+00
fb183401-3f43-49ef-b6f4-5d3aedef5201,90e82832-73d2-4db9-9b5f-a68bd03596ed,13,comparison,gamma4,r14922009,q2_human,b453159d-841f-43dc-b122-f9b06781df8f,9f7a5417-7c2b-4849-825f-05f11c9d91bf,c3a,c3b,,2,2026-06-08 16:12:55.379+00,2026-06-08 16:09:36.733117+00
fcd09e0a-0a8a-4e43-acc3-d90ea0b0eed9,c7ab1571-d185-4de0-a20b-b4c6d2e5d4a8,3,comparison,alpha2,r12323023,q3_natural,67fd783e-aa5e-40cc-8f13-6628b9cfdb56,5d0077b8-5fbd-4aaa-85a4-d9fe61556d4c,c2,c3a,,1,2026-06-08 13:57:57.149+00,2026-06-08 13:56:52.220537+00
fcf9e6b5-59f7-4690-81c2-08434a47b30f,90e82832-73d2-4db9-9b5f-a68bd03596ed,7,comparison,beta4,r14922a21,q2_human,6442424f-7988-4faf-a757-e8712d8ea6d3,4dced2fa-7fe1-4a6e-ada7-8b92c781320e,c3a,c3b,,2,2026-06-08 16:11:44.739+00,2026-06-08 16:09:36.733117+00
fd44ed2d-56b8-4526-bf5c-4357b5c59a1c,c7ab1571-d185-4de0-a20b-b4c6d2e5d4a8,15,comparison,gamma4,r14525071,q2_human,9dcfc685-28df-44f9-a84e-60f696870682,a9879424-e129-4428-b98d-a4ded13c5f37,c3a,c3b,,1,2026-06-08 14:00:05.97+00,2026-06-08 13:56:52.220537+00
fddc0fd1-f1fa-49e4-b926-90e072dc6fe5,a8948ab3-ebf9-46f7-a9bf-8b696e42e107,4,comparison,alpha2,r14525071,q3_natural,a71c8e4a-37ef-4a2a-8811-1563a9e28b27,65a0d47f-f783-4fac-96d6-e583f3caf5fa,c3a,c2,,2,2026-06-09 02:35:04.204+00,2026-06-09 02:34:00.684807+00
fe5b3826-60e1-4fea-b81e-4450372d615d,4d4ee7dc-853f-4c58-be00-84e31665c623,3,comparison,gamma6,r14922a21,q3_natural,674031c1-f81b-41af-8c16-82e82b1ff8a9,ed008842-cac2-42e6-8c77-1ec006f8efd7,c3a,c2,,4,2026-06-07 06:15:39.455+00,2026-06-07 06:14:17.678242+00
fef8060c-388e-450d-8bcb-eb3919cc1fe2,ebacec3a-3f30-4ac3-9ca3-5d5ddc365ca9,1,comparison,beta4,b09207084,q3_natural,c334d4c4-b68d-4001-85ab-161ee5cbd281,5951e9c9-b5d4-428b-9b3e-afe702a65524,c2,c3a,,4,2026-06-06 13:30:10.409+00,2026-06-06 13:29:40.587078+00
ffd37b63-7728-4ad6-85a0-96c58a77426c,1848f42a-c01c-422c-9c19-32e270df7e73,17,comparison,gamma1,b11901052,q1_accent,57a5b69c-de86-4c3b-9ec5-19573135cde4,d0a8cf4e-3aac-40b2-b7b1-02feeb6dd63b,c3b,c2,,5,2026-06-06 17:16:16.099+00,2026-06-06 17:09:21.575198+00
fffabeaf-5dd5-4e53-b42e-93dd1897dd03,44b7561a-6152-4679-b691-2a3fd58d3b84,5,comparison,gamma1,b09207084,q3_natural,ae2b456f-ea03-4abe-af5f-dcf067aa8b3e,eba040e8-cf64-4af1-ad9d-393029df241d,c2,c3a,,1,2026-06-06 12:41:20.189+00,2026-06-06 12:39:32.125999+00